amount,hour,category,merchant_freq,amount_deviation,velocity,label
574.5071229516849,18,4,30,0.9585207096486446,1,0
362.4759734272442,18,4,45,0.9627558459181695,2,0
412.86827989647276,12,0,21,0.8424490578465557,2,0
108.1176480959598,8,2,37,1.285110904719071,2,0
394.4984297438889,21,2,12,0.35811380317712815,1,0
2698.012845155394,1,5,0,5.751396036691344,7,1
195.99205764048617,17,4,11,1.3358270834685513,2,0
616.8788951772507,19,4,17,0.6696706730950499,1,0
442.0290574153167,9,3,11,0.6523689274224753,2,0
916.7469562328661,13,4,27,1.3580919172846952,2,0
173.2498629764437,11,5,40,0.6868310775295495,2,0
611.8789312738147,19,0,49,0.4490250282047342,1,0
278.22170144488587,12,1,34,0.7840467374815874,2,0
1980.0854355667825,23,6,0,6.443004924717291,4,1
587.3184192069559,10,2,42,1.266324537878007,1,0
468.9251164843139,16,3,16,0.812956781504512,1,0
273.7770065678776,14,5,33,1.3298940927354461,1,0
621.8788733591297,18,2,10,1.406872008571247,1,0
554.2454037571451,8,4,35,0.8064640736184627,1,0
494.62609413350725,16,1,22,1.4693930967442017,1,0
513.0570602357257,11,4,41,0.9102977948602398,2,0
467.0492168243732,20,2,38,1.1071337714535239,2,0
520.3630744214729,10,5,37,1.1824268986002884,2,0
279.95481722307113,12,5,37,1.2677888414518486,2,0
437.78530483918007,21,2,37,0.5803777355182427,1,0
394.69203591839715,16,2,22,0.9017013560206696,1,0
369.4542568158389,18,0,46,0.8480070341105429,1,0
4314.570966946461,2,2,1,3.395445461556762,4,1
497.67749899823315,19,5,48,0.9917870663244525,2,0
386.2509319222637,15,0,11,1.1372246946157427,2,0
433.73509651609805,8,0,28,0.9747504744456468,2,0
494.7932345442135,13,3,20,0.6493965887141404,2,0
618.654792056457,15,4,43,0.7271837635615783,2,0
682.7075656634765,8,0,15,0.8831625927089555,2,0
514.9477047631461,18,3,28,0.8489573037651402,2,0
1898.6731378677346,3,2,0,5.137125949612055,5,1
572.2968708504342,16,0,32,1.2779369075860967,1,0
446.48824613477086,19,1,11,1.1668365395601896,1,0
538.9824191372635,16,0,44,1.2345468615331932,1,0
578.2912348425347,15,5,42,1.089095401969956,2,0
597.9572466574641,21,2,34,1.3308062396388136,1,0
478.55135979387103,10,4,45,0.4196289413496851,1,0
4990.28611069794,3,4,0,4.233353387468194,4,1
595.1360444396435,13,5,39,1.918328564313478,2,0
498.2834828795407,15,2,36,1.1240062262870936,2,0
7600.690295993079,0,6,1,2.312952471865134,8,1
917.5907069734756,8,0,37,0.9906439605499467,2,0
481.38014166775105,12,2,42,1.2221022453843216,2,0
372.98094228973923,14,0,12,0.5455458325942406,2,0
298.78947530807534,13,1,12,0.5134916137169551,2,0
327.84200407624996,18,1,11,1.4168808484439772,2,0
630.867073649068,18,5,48,1.3198595632293215,1,0
399.9584937565231,9,0,33,0.4924545231249091,1,0
322.51015678183717,15,5,25,1.1484986962575086,2,0
452.7096133039482,19,1,11,1.2276907661479801,2,0
427.19546782563447,16,1,31,1.0245622418158968,2,0
438.085758021484,17,5,24,1.1786930955412964,2,0
201.2693320202879,15,4,14,1.1278077600502006,1,0
858.3553936088693,14,3,25,1.55302412749616,1,0
483.9208287258311,10,3,35,0.8541348142740628,1,0
767.193661553955,8,1,10,0.796775299685573,1,0
547.6650548655678,16,4,10,0.516331807847643,2,0
820.1961872011111,12,5,38,1.068054646594236,1,0
512.9848721783832,10,4,31,0.8221351802618936,1,0
397.9993498823086,8,5,14,0.9209782465398181,2,0
417.6120638953547,21,5,46,1.329038876332421,1,0
451.3406828648901,17,1,28,1.1573827001891528,2,0
978.0550007109454,20,3,25,1.0252490563023762,2,0
551.6102197103033,11,3,44,1.2778697628655102,2,0
534.0476451829024,18,4,21,0.9187113213496784,1,0
575.2140135539123,18,3,38,1.3181915736464231,1,0
418.24435769793627,20,2,44,0.6197853095462995,1,0
468.78166244640875,17,1,35,0.8520997196023501,2,0
411.59528645836826,11,1,20,1.2548806291063075,1,0
486.488205022969,20,0,45,0.8482359840297118,2,0
751.7458264734344,10,0,44,0.4376593375421465,2,0
444.835582602046,15,5,41,0.8356829551122014,1,0
614.6717352988567,14,0,44,0.6666508561767708,1,0
594.9278656074067,11,0,31,0.3237523961447154,1,0
464.1162803195367,19,4,28,1.2561924133203568,2,0
558.8062834598894,11,2,25,0.9626424257218947,1,0
530.2861162704194,11,2,30,0.7585789944773512,2,0
772.0499863818361,19,0,19,1.1213748685352574,2,0
376.66694066503527,14,5,22,1.0731061634475736,2,0
429.3442541572516,12,5,28,1.0696149812072908,2,0
2103.8313170053516,3,2,0,2.1850724512468895,4,1
238.50721291823618,19,2,48,1.3208433856122608,1,0
381.24200320166307,21,2,22,0.6484069436648665,2,0
397.6486098319769,19,4,48,0.9855413543392562,1,0
334.36673171793007,16,3,34,1.228471552389279,2,0
115.3487027808959,17,3,41,1.3428177649881496,1,0
533.6138722715625,12,3,44,1.0037777202345384,1,0
503.6765261388414,16,0,23,1.1493994873736348,1,0
822.9773686267334,13,2,25,0.7697957311335851,1,0
828.4704399826508,15,1,37,0.7575105143934546,2,0
181.41564135352894,9,3,37,0.8422734934957716,1,0
551.2633963665739,8,4,29,1.5628512517647657,1,0
365.2377992977463,21,2,15,1.1475757514519518,2,0
752.7027446908432,16,1,19,0.48090540687274663,2,0
521.3075137876352,12,0,10,1.3111475394833876,2,0
243.02982063636836,13,2,36,1.4061617122496237,1,0
482.8190232121073,10,0,30,1.3713448935920385,2,0
532.8024638414212,12,4,47,0.8546872924092089,1,0
727.4349984400844,12,1,19,1.0937375443293842,1,0
453.0464437675339,21,0,22,0.5202629582387552,2,0
6423.22975617778,1,5,0,2.7507158163242615,5,1
21.725382045483457,10,2,21,0.9195210814151462,1,0
809.1121887322981,21,2,26,1.5266022527329612,2,0
108.68179854734365,12,4,23,0.8034744148527766,2,0
530.4670321919759,9,1,27,1.0148718187898214,2,0
369.71270944284504,9,3,47,1.0349232940362272,1,0
426.99282559358755,14,1,26,1.4003336922592406,1,0
470.79946071837804,8,1,26,1.4259018932631233,2,0
271.52586942923585,21,2,20,1.3617745621727755,1,0
173.76762460203543,18,5,25,1.6096427577877659,2,0
584.033856645608,16,2,41,0.7263615230171504,1,0
570.1669319311565,20,1,28,1.0045193144736984,1,0
3939.484763255118,23,6,1,3.4142543354753117,4,1
178.12148602250875,21,1,23,1.1538823752374487,2,0
484.7075731280216,16,0,31,1.0126402245225787,1,0
316.0920493702846,20,0,35,1.0124995801376149,2,0
592.1250050065138,20,3,24,1.2272523130141915,1,0
4449.896605696712,1,5,0,0.39615767052883033,9,1
746.7451570251926,21,2,16,0.9252891881330865,1,0
504.2930839351739,19,4,27,1.2905869468913262,2,0
324.5347349262365,16,4,37,0.502272523483703,2,0
678.4399671927123,13,1,34,1.0670008476089066,1,0
447.53243585647215,17,2,27,0.36679014365494644,1,0
734.4220349312166,15,0,28,1.1666920718900604,2,0
368.6572619922864,17,1,15,0.5851600807106991,1,0
407.43643875696876,11,5,20,0.6223473875343415,2,0
375.7124343471897,14,0,12,0.8364492402004469,1,0
619.6226306717472,13,5,39,1.0435612180856375,2,0
622.3777430733635,9,2,17,1.170026778075648,2,0
639.9518210582524,13,1,13,0.7714795252816542,1,0
596.0873010423727,19,0,35,0.7555647616029108,2,0
595.788868816606,18,3,22,0.5015439813193121,1,0
240.56298604862815,15,1,14,1.3725141878957032,1,0
289.9676673479696,15,1,29,1.068898739269942,1,0
489.24889451638444,13,2,39,0.6928544441532838,1,0
525.459392658556,19,2,44,1.0268181757436947,1,0
573.2066119068124,20,2,46,1.4740402285225604,2,0
577.4187092866537,12,4,28,1.1426480924347522,1,0
611.3547374388677,16,4,34,1.0730369532099664,2,0
462.4816098388233,21,2,47,1.39031572994869,1,0
502.76275687843275,16,0,42,1.5029311936825849,1,0
624.4108371775234,15,2,48,0.33665940729763444,1,0
219.8972260446336,10,1,24,0.7705625839133649,1,0
594.9172799159427,14,2,45,1.6812078573413187,1,0
431.09586506896335,12,2,42,0.7450466891605625,2,0
598.805768856463,12,2,19,0.7272527148744627,1,0
513.0552842220009,11,4,33,0.7157975860173627,2,0
693.0462445774391,12,4,13,0.8666087325263079,2,0
699.5657844903625,17,2,36,1.5997951618749413,1,0
323.332168776147,14,1,21,0.7959215238418276,2,0
527.0796262708147,16,0,49,1.793071475019565,2,0
368.67124597822,11,4,46,1.0613830628574739,2,0
680.7455970951122,17,0,38,1.201727505668528,2,0
351.55927696121284,12,1,45,0.9622639239701055,2,0
428.9860710949256,13,2,49,1.2855649054085663,1,0
411.78697605281707,16,1,35,0.9599797426325368,1,0
468.4974952437359,17,2,47,0.7157380638142263,2,0
266.63750361925577,18,0,33,0.16460930656536987,1,0
393.7732858831432,0,2,0,4.8914102669643755,6,1
347.4211744181914,11,0,29,1.1550007925944368,2,0
516.4779420432117,15,0,16,1.3388948454917111,1,0
369.3703028530507,10,2,28,0.5164116461049746,2,0
3852.6759862395274,23,6,1,3.9062821175192157,6,1
708.2873403560432,19,0,39,0.20219459288518815,2,0
446.5201865083885,15,4,48,1.0714888786364345,1,0
288.8732457923268,21,1,42,0.7666549937227374,1,0
461.47744581114017,16,2,33,1.307285974533817,1,0
514.8118666456002,10,2,42,0.9608964562038376,2,0
447.3977708181819,15,5,41,0.9312351845339224,2,0
246.01007379353157,9,1,16,0.729840134443857,1,0
548.9199533363177,19,1,11,0.624665927084409,1,0
421.59154692214406,17,1,12,1.3147027677510668,1,0
677.7815437266335,16,1,44,0.798988241933396,2,0
524.9622723144332,18,5,32,0.7072060575125,2,0
490.3560969334253,8,5,18,0.5971880324481148,2,0
380.8546137254717,16,5,31,1.4862304070401824,1,0
343.3257880400182,20,4,43,0.9332815840336472,1,0
642.5267719292851,12,1,45,1.1618717219200427,1,0
561.2379133571708,16,5,21,0.48922491872864793,1,0
365.18001376363037,18,1,21,0.7271098307530083,1,0
349.4363162654944,20,0,35,1.153088916874697,1,0
557.5420930725156,9,3,10,0.2890835771546658,1,0
522.0811744054404,20,4,20,0.933237558348658,2,0
623.6623082386191,18,2,43,0.9626158655969591,1,0
573.9976851321334,12,0,45,1.055450837108462,1,0
591.1350296497038,18,0,43,0.5442460051041469,1,0
447.17405246006143,16,0,10,1.0727561276837558,1,0
615.1974904541855,16,2,12,1.4803714681426121,2,0
594.8611608583282,21,5,43,1.291766334888019,2,0
390.9294236262697,18,0,26,0.9257444093345486,2,0
532.6261858540341,19,5,25,1.5837613854483052,2,0
603.7431021426302,8,4,25,1.3858445365319327,2,0
703.2267758559874,16,4,35,1.3085927890909197,1,0
515.5216647969778,8,1,30,0.8396779941929895,2,0
337.84151893876066,15,1,32,1.3159458559998711,1,0
669.3604156302714,14,2,27,0.9758752678873022,1,0
289.226011645331,19,4,43,1.1503100030552034,1,0
343.6272688659292,14,3,48,1.3833780487714495,1,0
526.3131612950169,13,0,22,1.4165773364332548,2,0
102.91206801537373,19,5,11,1.2188628299907442,1,0
538.4242187650736,18,4,22,0.9940355169133405,2,0
422.4067324849442,12,3,25,1.422804232055674,2,0
3644.58198874991,0,5,0,1.957510250822709,4,1
436.9719774356214,21,5,13,0.9154646173418478,2,0
209.94825483386597,15,3,21,0.6377812505060877,1,0
475.14154202800773,15,5,33,0.7523245470947617,1,0
485.4350648895015,15,3,38,1.016295665936271,1,0
592.7210892921022,21,1,43,0.8488886557980576,1,0
406.52892103628534,10,5,14,0.8333568642519236,1,0
312.62374080139284,16,2,29,1.1714442089730954,2,0
245.14891927344985,10,1,27,1.053212617551864,2,0
835.3512030476711,20,0,18,0.8002184551613811,2,0
373.98348821249925,16,2,37,1.0494093482311422,1,0
542.8798086087357,15,0,14,1.1003370369961074,1,0
473.4579158758926,13,2,14,0.7605108266384639,2,0
373.86368029282175,19,4,37,0.9975165776349852,1,0
506.49075421164355,10,1,12,1.309142026130749,2,0
581.7001166477585,20,4,42,1.6050662632560748,2,0
665.2485070994551,19,0,22,1.019085327985051,1,0
547.6707753802826,19,4,40,0.8111450355852747,1,0
534.4441895245479,9,3,11,0.9542585934684711,2,0
378.3836120160522,9,4,36,1.2586789074390636,1,0
351.32295355849254,9,3,33,1.0463221830885074,1,0
453.83326475704985,21,1,41,1.0657450982991816,2,0
681.3472916159699,21,4,38,0.5675517255809155,2,0
526.3318744835763,9,3,36,1.122553704513228,2,0
445.5564081546939,17,5,10,1.0523917808103485,2,0
427.9802198456224,9,5,38,1.0383408092100348,2,0
416.16172290926175,20,3,16,1.1131635625193563,1,0
734.828604385151,17,1,43,0.9802749216781037,2,0
601.7449116788061,10,4,48,0.9855911407857469,1,0
597.2954502081442,11,1,23,1.2961926697769877,2,0
2439.391202658211,0,5,1,6.744914656560289,7,1
564.6260366500622,12,2,29,1.0729922992385097,2,0
448.44674780933246,18,0,47,1.4647628429578912,1,0
382.9547519214643,8,0,33,1.1920569471121372,2,0
325.5169189864394,18,3,34,1.769217384790104,1,0
8253.038943399364,2,6,1,0.03741002686959671,7,1
687.38026512313,16,5,23,1.1474213701058493,1,0
556.2466907509563,11,0,47,0.7727801449305073,2,0
388.87513880484465,13,4,11,0.9957132905830094,2,0
544.4688400997838,8,4,27,0.9877426199211974,2,0
432.1540521126385,13,2,34,0.272836202011313,1,0
640.9772155294531,16,0,21,1.2538040634013807,1,0
451.4965681570687,13,5,37,1.0142810655443053,2,0
677.512137430878,9,3,42,0.8017878255228593,2,0
653.471180703084,21,0,22,1.027475721608129,2,0
292.1942201495402,13,1,24,0.6678041459961066,2,0
515.2646109481439,15,2,12,0.9177904557256163,1,0
5119.260739840348,1,5,1,3.706126444588852,5,1
689.7795877435549,18,2,29,1.1678077626184993,2,0
697.6091098451489,17,2,23,1.0592798814077198,1,0
597.5422362439555,19,4,34,1.4702059005878227,1,0
266.36258212073994,21,3,17,1.316309064516161,1,0
592.8029821771859,10,3,27,1.3387973312618502,2,0
360.0179888531603,15,0,12,1.2259977281131724,2,0
592.0276959095625,20,5,24,0.6931622304404783,1,0
449.50659090182586,12,1,33,1.105526402978114,2,0
707.666316752847,21,3,33,1.2272367247951124,2,0
533.6677727839958,11,1,43,1.3141294907836463,2,0
726.4588697672644,11,5,48,1.4921510178663815,2,0
308.4169301115375,9,4,24,0.5353660532463365,1,0
5803.251010982947,1,5,1,3.6287794378363847,9,1
108.52373105256493,13,4,23,1.1135706604284747,2,0
8623.384112238053,0,4,0,6.769452843508274,4,1
657.0513761964971,12,0,49,0.9114213301876931,2,0
1888.202699020209,2,3,0,4.455208059000382,5,1
366.95029089056993,12,3,17,1.127242125723697,1,0
305.52473487787563,18,4,46,0.5462213497483552,2,0
682.1763927958023,19,3,24,0.9731432169256283,2,0
461.14367812689454,9,5,11,0.9410950452745065,1,0
609.1444315455469,20,0,44,1.0155837657421898,2,0
528.6406626159974,19,1,29,0.7316310302758647,1,0
795.7503125692724,21,1,34,0.9360593989998036,2,0
510.1630359143244,15,2,32,1.1200343423944652,2,0
340.16544127024616,21,4,25,1.027541732374202,2,0
591.9160857593854,9,4,10,0.6839753310479031,1,0
3752.4620786083897,23,3,0,8.828062707733572,5,1
484.5733755295895,9,0,35,0.991961696009301,2,0
556.0094287870332,18,0,13,1.1521047293461575,1,0
592.704306647543,21,4,14,1.0423109967467692,1,0
545.395319785855,9,5,18,0.7737172449941927,1,0
650.7713859917027,16,4,22,0.9242859869606651,1,0
584.66044818399,20,5,13,1.1066651889023058,2,0
635.2211944921679,20,0,32,0.9583412238415985,1,0
452.0664856521379,21,5,16,1.2844530476086904,1,0
666.3890303334385,17,4,28,0.5613892085494343,2,0
831.8286964077029,8,2,47,1.3335963141431935,2,0
321.72699171103517,21,1,11,1.0936238256459008,2,0
971.2950465931698,15,1,15,1.0099081128897391,2,0
291.56412998546057,12,3,45,0.5063803759129325,1,0
7044.88190478762,1,5,0,0.6285790350493148,6,1
462.0971467998554,18,2,24,1.1176253589102607,2,0
471.6654968323287,9,5,13,1.1659219829321439,2,0
807.3768384027235,20,3,44,1.0834318057275882,2,0
637.747490900347,9,1,22,0.5288498189130469,2,0
513.7151191338495,14,3,19,1.3943207274308418,1,0
776.9939751245709,15,0,45,1.0666848152374853,2,0
709.6122054590558,8,3,22,0.9774567499569949,1,0
537.1246695255817,19,0,35,1.675136430344881,1,0
341.0911804295084,16,4,17,1.1432661148376937,2,0
313.42051469130723,12,3,33,0.7921284406612278,1,0
565.333377256222,16,1,28,1.2676790981110402,2,0
463.2799637290548,12,0,44,0.6617486986778212,2,0
446.88385378280196,8,5,46,1.1360613501235528,1,0
394.94767888130696,18,1,18,0.8071005329557365,2,0
417.9357053919348,16,1,44,1.0490720006765963,1,0
379.44881480454035,13,4,48,1.4917350416332202,1,0
585.3474618777913,14,4,45,1.4885189869385613,2,0
669.6054962921752,16,0,15,1.5147105503183163,1,0
346.6346930681351,19,1,14,1.6239837771071568,2,0
535.0678867686122,13,1,12,0.5332313061389118,2,0
463.02369611687885,13,5,11,0.5385892876703677,1,0
275.06188156956006,10,1,32,0.6011070093282077,2,0
630.2665266111493,17,3,14,0.46119130405507736,1,0
7622.4204607848,1,2,0,6.388812637890743,7,1
7628.018949287798,3,4,1,2.5709130205471866,9,1
419.91363480248003,15,5,14,0.5778567921355251,2,0
510.9495133960036,16,5,30,1.2340234539149748,2,0
387.6231139056305,14,0,25,1.06760282610672,2,0
606.2163015032886,21,3,42,1.2870106950383753,1,0
3428.021078984101,23,3,0,2.337534092884444,4,1
224.56919403450553,11,5,32,1.1523973980737632,2,0
558.2867906796446,10,5,24,1.747899855229837,2,0
200.9103745597946,19,0,47,1.3655011946756141,2,0
721.42191660801,17,5,23,1.3250754702226897,2,0
445.7921349227243,21,0,24,0.8649696598929328,1,0
606.8407234258817,9,0,42,1.0360676900302639,2,0
346.4871034474031,13,5,12,1.0905167538048695,1,0
340.2329505386941,12,1,17,0.9084325886935997,1,0
508.49748873456605,19,4,40,1.1589078263070192,2,0
443.9258908925852,13,4,11,1.189786389935281,2,0
303.1580921991621,12,2,43,0.5312035644201765,2,0
488.13818785904726,9,4,40,0.5559147705377611,2,0
3803.012766567328,0,4,0,1.518036285263252,4,1
393.6310422647131,14,3,42,1.2563381880384084,2,0
308.84468804309324,12,3,38,1.187822927652345,2,0
642.5807011892666,9,4,44,1.1275987181429783,1,0
208.40188557723008,14,4,31,1.8099142421258527,1,0
495.516428914655,18,4,47,0.9477058884895756,1,0
762.3862433065292,15,4,10,1.23820512206234,1,0
497.70352262405066,10,0,20,1.1737874498803265,1,0
238.57635023996374,12,1,13,0.9985114047879886,2,0
675.2326582725296,15,2,38,0.7411283983748505,2,0
453.93576729333483,17,4,26,1.3078462844190597,2,0
671.3489681807528,19,4,42,0.6637532903438839,2,0
486.8542613275284,15,4,37,1.0458153697659485,1,0
135.2429643106778,13,0,24,0.970807543368392,1,0
504.800622359865,10,4,41,0.773974638896145,2,0
802.0080871289935,20,0,32,1.0409605993248212,1,0
663.9602879919817,10,0,14,1.1726108881577126,2,0
379.6260900182529,21,3,20,1.3896433974541156,2,0
602.039806894322,19,2,14,1.347344452607203,1,0
677.8556231994496,17,5,41,1.21568599319952,2,0
6214.262201567237,1,3,0,7.62231777263621,4,1
3277.232595286512,0,2,0,3.239076070355188,5,1
644.3299031892676,17,4,45,0.9841420137126099,2,0
348.41088699400893,20,4,41,0.9798449258014249,1,0
854.5450165513078,9,2,19,1.1264078704147005,1,0
5459.908895684424,0,2,1,3.1833957380683886,6,1
175.15321573938144,9,5,39,1.2922786666386423,2,0
466.8119564621342,21,0,30,0.9169560100333238,1,0
318.13140817261586,14,0,21,1.340645504908831,1,0
819.34198336184,21,4,17,1.2066034071056277,2,0
633.2898320496312,19,2,31,1.2203347100462965,2,0
559.9531927628963,18,1,40,0.8045929318624513,1,0
7476.566142867272,23,4,0,5.042543153472123,8,1
599.0015889675677,13,2,32,1.4305741079417609,1,0
524.4004998496298,16,4,17,0.7431080291670552,2,0
699.0214130062986,19,4,12,1.0741079930815338,1,0
371.673296303262,17,1,34,0.8137464342152072,2,0
613.8816499879749,18,2,11,1.1751658883125937,1,0
602.9849009227344,11,5,35,0.3360317955919506,2,0
2100.2868690381883,2,4,0,2.787383637543316,5,1
377.4221800086507,11,1,33,0.3717638117008669,2,0
245.17262002945318,12,5,49,1.4371587279868738,1,0
674.9822886465508,11,0,16,0.8281006585027162,2,0
768.8233866140949,12,1,13,1.0243300732120064,2,0
8261.85836252588,1,4,0,6.912880696695244,7,1
498.9435801612897,21,2,31,1.3937225865227896,2,0
667.3853080048042,13,4,40,0.8052203265772226,2,0
83.96557056298275,11,5,42,1.2402809918888387,2,0
412.60446885508225,19,2,20,0.9486252473688743,1,0
528.4771754318697,8,5,13,1.1730274198579216,2,0
447.55817198332943,13,5,20,1.0784988918089438,1,0
8769.172611869219,0,5,0,8.086487056544378,5,1
5281.772493822408,23,4,0,1.4631212688742967,6,1
430.0945247197637,10,4,38,0.5215890798199614,2,0
577.0400159854574,17,4,45,0.8401897481014265,2,0
426.9864487236073,14,1,44,1.042550550142871,1,0
458.86574644182036,11,0,45,0.7002061727049588,1,0
353.5437093074943,10,3,23,0.732263248192929,2,0
490.0207223671951,17,0,22,1.073583351333529,2,0
496.7949058477346,15,2,29,0.775836496255653,2,0
136.36396095905877,14,5,24,1.265213618908315,2,0
552.6933214136812,15,4,35,1.506968036987887,2,0
581.3695792250355,12,1,30,1.3763070605718137,2,0
566.9000142000779,12,0,28,0.789018543230958,1,0
511.9990070838715,16,4,42,1.1043718348974656,2,0
408.8981601851817,16,5,42,1.4887970009854077,1,0
651.8101797055788,14,5,26,0.314755642755298,2,0
487.60283224427167,8,1,30,0.7512949241024912,1,0
432.7429671419177,10,4,48,1.6030027867900003,2,0
641.6736458586795,13,3,19,0.793231278934943,1,0
403.1053731313197,11,1,13,0.760242398004924,2,0
553.6436388985842,11,3,23,0.7488042762005825,1,0
512.9109297490512,19,1,11,1.1916349238344628,1,0
459.7297594562532,19,0,44,0.7909180764758286,2,0
379.49543059095936,18,1,28,0.3610069373251159,1,0
225.38473274077006,19,0,45,1.0601955411867061,1,0
678.2218602060476,21,1,29,1.1610230869037383,2,0
403.4675251523807,10,4,12,1.3089882452743484,1,0
4330.449335786918,23,5,1,4.1927030735160065,6,1
650.5247680329297,21,5,28,0.8116250432205752,2,0
551.0176559606967,14,0,30,0.8372595799881412,2,0
340.64097077796805,13,1,40,1.1284921291622947,1,0
678.1079077347126,16,3,43,1.7768690926055841,2,0
529.1576452366004,20,3,38,0.8940501121567935,1,0
525.2691464404421,10,3,20,1.3952792606823878,2,0
475.1901472784732,12,1,31,1.3917909751981568,1,0
510.46688202481965,12,3,35,1.312605844948881,2,0
410.2448284654672,9,0,27,1.4923139889186874,2,0
328.680402585298,13,0,14,1.6044635683372641,2,0
560.5595135504914,10,0,29,0.9927413180827251,1,0
323.1440313260296,15,3,48,1.356303816538469,2,0
439.6899883224994,15,2,13,1.1572794032929505,2,0
209.58270294820676,12,2,23,1.0377540908858072,2,0
552.5945148910339,10,3,22,1.146756139044299,1,0
561.4727985392769,18,2,32,0.9276227036144373,1,0
480.104938042614,13,5,45,0.7076412085988075,1,0
174.09956809789458,21,5,29,1.2542265031451265,1,0
466.72086443070407,16,2,12,1.1265053404793333,2,0
626.5121464094,20,5,18,1.1485638859372336,1,0
585.4039169258657,10,3,23,1.6703436704047927,2,0
555.0930970102011,15,0,39,1.5514551030385366,1,0
497.0870591168401,16,5,20,0.9090460651497174,1,0
341.9476371280469,21,0,13,0.6796591235262421,1,0
642.5461387960363,16,4,39,1.5131840117745776,2,0
510.5078244669772,12,3,46,1.348563490782457,1,0
758.2776744416498,16,4,18,0.9747221659496486,2,0
422.3131024919315,13,3,24,1.0723145431324494,1,0
352.0041523040651,13,4,47,0.8594251204269953,2,0
586.9863451207881,14,3,37,1.3598976027575704,2,0
4486.8241396356525,3,3,1,0.19449213020062572,5,1
552.9811091761765,15,5,15,0.9940644054355103,2,0
388.62941214529275,19,5,35,0.6039932466337883,1,0
4141.39555096548,0,2,0,3.615158040252288,8,1
289.0523804492249,10,4,29,0.9750683282113916,2,0
644.4003379378298,8,5,17,1.7091153607890104,1,0
427.2549443751543,14,4,18,1.2326336412289278,2,0
531.9794942356534,15,4,48,0.7744092004783543,1,0
497.21629913508986,18,5,28,1.322843893792004,1,0
440.1332221695875,8,3,28,0.8041309682765314,2,0
551.5767234686449,20,3,42,1.2306692089673419,1,0
6375.726654374035,23,2,0,5.839331045196139,7,1
393.75673060975055,21,0,45,1.1028445487207872,2,0
529.0093674742611,15,3,42,0.754414996118627,2,0
466.2716027287882,14,1,38,0.8049992257529621,1,0
6617.971030065952,23,3,1,5.610639559094132,5,1
454.81171470097985,13,2,11,0.9047963221814175,1,0
508.7526506428216,15,1,26,0.776564737982042,1,0
245.43539225206223,8,4,24,0.8063291714054573,2,0
473.8043222285105,15,0,47,0.5544933525157307,2,0
657.1913092628214,11,2,18,0.8993812831678621,1,0
539.3543570485494,19,1,41,1.3153582032958122,1,0
828.6237739809128,16,2,41,0.5864411949870258,2,0
459.1358448133563,19,0,33,0.9775267466034944,1,0
309.9658292714223,14,3,46,1.0132778158210987,2,0
534.1479923946956,9,3,44,0.36522400135870237,1,0
691.0460498227469,18,0,47,0.8505196350698951,2,0
255.6664724638228,11,3,47,1.3817462339796216,1,0
504.192718286669,20,3,35,1.1254561235403246,1,0
234.90539703341358,13,2,24,0.5647080212676736,1,0
584.1379171911858,20,4,46,0.9113559045912519,1,0
5479.153080726417,3,2,0,6.807845501473712,8,1
269.05002210900204,13,3,14,0.5541168910149119,1,0
10265.848873859703,23,6,0,1.3887890541864674,6,1
659.3351495524405,20,2,30,0.859769696852509,2,0
332.79719581100306,18,3,10,1.2238779122399777,2,0
548.6599957681867,11,2,26,0.8926266728856513,1,0
543.7792643000023,16,1,28,1.2698394913444737,1,0
395.9197518787973,12,0,46,1.136491567180292,2,0
749.6660380922315,13,4,21,1.468571927429832,2,0
546.2075809256154,19,4,26,0.8825054297734627,2,0
593.2357834784076,19,5,26,0.8891168991869098,1,0
556.565059085328,19,3,41,0.9912211558945065,2,0
234.0451297689678,13,2,42,1.3785764502141975,2,0
410.6508058934762,18,0,26,1.412331427951245,1,0
484.0107858628022,19,2,13,1.286546235070247,1,0
674.8709028812578,15,2,47,0.9386635060944326,1,0
6187.113444561724,23,3,1,0.8807772693285605,9,1
7248.225439972027,1,3,1,6.895052924245716,9,1
662.6790569742632,16,2,39,1.146982174840022,1,0
481.44074955992403,12,0,24,0.8930585087895009,1,0
570.0088201388156,8,3,44,1.1457886848781813,2,0
466.61872461284025,9,5,23,0.7382454053224385,2,0
570.5483465792435,21,3,22,0.44324866871490287,1,0
392.6124723862201,9,1,25,1.1008480138828123,2,0
258.86602034465386,19,1,48,0.7711825664301357,1,0
624.4212262897622,20,4,48,0.9418521583681589,1,0
278.400793864079,20,4,28,1.0773282648580333,1,0
722.1857822883205,8,5,19,0.8564267666135599,2,0
532.884750163246,11,1,23,1.3867809588146909,2,0
6686.745244314117,3,6,0,6.1188981519900745,5,1
331.54091597831723,9,1,43,0.9027325543005129,1,0
406.07149516676503,13,5,26,1.0046136944116317,1,0
354.9397634791894,13,4,38,1.731330876417919,2,0
459.05369001202473,10,0,36,0.7667382880465068,2,0
654.1132303008161,10,4,28,0.8008838869060864,1,0
590.4929050510694,10,4,26,0.9491097642714534,2,0
511.7523003443891,19,2,34,0.8335384861687728,2,0
373.6399276194805,12,4,22,1.123142753168337,1,0
513.2986386442157,21,0,30,1.0591947122216787,2,0
592.3656724656712,17,0,46,1.3611653311506449,2,0
500.0791938284896,16,2,27,1.1803620246787345,2,0
289.3153614395537,19,0,22,0.5750507094761599,2,0
175.29286245343837,9,0,18,1.4015865203171352,2,0
655.8667681130403,8,3,32,0.977270714039362,1,0
485.23415207665516,15,3,27,0.8698101573781567,1,0
7150.351871336918,23,5,1,2.2625909128806634,9,1
528.8439467212844,19,2,44,0.9555331367224689,1,0
238.4227825050653,12,1,22,1.0357055218161924,1,0
526.4730965543938,10,0,12,1.0246989660151262,1,0
598.8547023308605,11,4,34,0.9173469128594798,2,0
483.63372235211466,8,3,37,0.8534207254022008,2,0
518.1135209284201,17,3,36,1.4642710285086777,2,0
464.3457312965539,13,4,34,1.0576704292585692,1,0
373.00824363000066,16,5,21,1.219373952001122,2,0
782.3542787770218,20,3,18,1.2358938129641341,2,0
526.0012496555612,16,4,31,1.0731859593725501,1,0
440.6256828902507,16,4,43,0.9461127999294289,2,0
8342.965782364185,3,3,1,4.784881736282183,5,1
818.9653383459813,18,3,31,1.1298930048183196,1,0
599.3721590246773,14,1,35,0.740131915597825,1,0
558.9903835205333,18,4,17,1.423898426688049,2,0
7245.727907467615,3,5,0,6.035087551624542,4,1
667.1774426327689,9,4,29,1.3341845899646982,2,0
246.6412326006656,9,4,30,0.7842040029611341,2,0
471.49414474977584,13,5,27,0.8927663731568718,2,0
168.22071330057395,21,2,39,1.4600301103888977,2,0
286.40642713247826,18,3,42,0.9200043012296756,1,0
435.61333695520074,13,0,25,1.176565980931216,2,0
260.2813472174379,16,1,28,1.1386517998245829,1,0
528.4559251415593,17,5,13,0.8014053466610173,2,0
563.8830809289553,14,4,17,1.0057443332247256,2,0
355.77674455166937,8,2,48,1.24925569728381,1,0
534.8233924613053,13,4,31,0.6390602193949921,2,0
592.7732570684714,17,2,30,0.9377567431948383,2,0
426.5074767259198,14,2,31,1.1405817389498776,1,0
416.4079549455949,19,4,19,0.5629486391820032,2,0
386.30116662219893,18,1,10,0.5300950801107722,2,0
64.77144759596314,10,3,29,1.6001102534524243,1,0
244.29544797555934,8,1,38,0.8732376668784887,2,0
223.9506445648742,8,1,10,1.483051458813582,2,0
379.4041401789533,8,0,31,1.2238264358619053,2,0
2829.087846207568,3,6,1,6.416842085789164,6,1
1133.1177864280376,3,3,0,8.37758782661981,6,1
467.3071920097031,14,1,49,0.6668043411250941,1,0
711.6576351588836,17,3,24,0.8783769977158664,2,0
561.3542080613956,16,2,48,0.602347026495278,2,0
109.36792150592987,15,2,49,1.0596844440389483,1,0
685.3673287733232,15,1,13,0.6786838961052853,1,0
61.26122312049847,12,3,32,1.374343359374874,1,0
6380.473600760545,23,2,1,0.1167367665142045,9,1
495.78645298879667,10,5,13,0.933962895913009,2,0
666.0485619467754,11,0,14,0.7278219859716633,1,0
241.12899068141047,21,4,34,0.7967306042993034,2,0
430.3393606535918,21,2,45,1.138618267975569,1,0
605.8047815342676,13,4,17,0.7746621829220663,1,0
306.502073626218,17,1,41,0.4601608205573833,1,0
519.9885850791917,8,2,41,0.475233987096937,2,0
163.89893203703787,11,0,30,0.9118610049577618,1,0
504.9991888498703,16,2,45,0.7131469350551058,1,0
662.2913089611274,18,5,10,1.2986597407249243,1,0
663.1196261047246,21,0,26,1.2772485471567707,2,0
419.60612818860625,20,5,15,1.1620072694850767,2,0
658.7310570415862,20,0,26,1.2812680366614295,1,0
693.7105322324012,11,1,28,0.016044128446490058,1,0
272.3189379978786,18,4,28,0.8928912397580172,2,0
575.0998582071815,10,4,10,1.014932106154288,1,0
604.8242630303803,20,5,44,1.126291883316817,1,0
350.54124662493996,17,0,29,0.9160380741501936,1,0
332.42880096852343,15,5,46,0.6963715342607268,2,0
602.5353984800716,10,1,25,0.5902132866398397,1,0
444.6084291130695,8,3,20,1.0430165402026754,1,0
687.467105210541,8,4,37,0.545471397113305,2,0
285.27230034150284,8,5,28,1.1791824662669748,2,0
435.164324125306,14,3,42,0.9510037578148305,1,0
6401.851430874206,2,6,1,6.710306730964046,7,1
355.4361610684084,17,0,17,0.7128547255314872,2,0
560.7371148438694,9,5,14,0.9872993025405289,2,0
727.0396961979168,17,3,36,0.8159917562445151,1,0
275.52061173648815,17,1,34,0.8049928196779306,1,0
361.721028031203,17,5,31,0.6988127883755504,2,0
391.739366999412,20,5,29,1.0530462616418195,1,0
764.8563899675605,10,3,44,0.8116350356674632,1,0
806.8725932132429,13,2,15,1.2313116759859766,1,0
251.740551150022,13,0,45,1.6409677386408175,1,0
652.6492200265254,8,2,35,1.0814485932476945,1,0
582.7214412859284,18,5,45,1.102176764920149,2,0
424.48684200097534,8,0,13,0.957517056953257,1,0
450.93227051167815,8,1,45,0.51293342859306,1,0
442.19250087121765,13,5,26,1.1261357431742676,2,0
496.46717736886427,10,3,30,0.9476937226291493,1,0
552.5512668842596,11,4,18,1.0893568282618065,1,0
502.3711316167759,8,2,29,0.9739732748353167,1,0
553.877457378812,8,0,14,1.1703825229225395,1,0
755.7521220810545,17,0,20,0.9097590063349213,2,0
561.1815173562982,10,3,22,1.1357594309078454,2,0
572.3373429020986,8,2,17,0.6287012733018107,1,0
4212.781125302812,23,4,0,7.939597852554576,4,1
436.94073164575593,17,2,47,1.4087851079840104,2,0
989.0736621037136,18,4,24,0.9841311983751987,2,0
500.4028011132168,18,1,22,0.1894494597551678,2,0
250.30853974493502,18,5,33,1.4878428396349335,2,0
397.8573386289869,10,5,47,0.7294655239897538,2,0
610.5936974820578,12,4,14,0.9524149968846035,1,0
581.4056596965086,14,2,29,0.6883420630639359,1,0
450.3037425225016,11,3,36,0.8163289796476749,2,0
1754.1448383398047,23,3,1,5.706861732972825,4,1
426.0875670830071,14,4,45,1.1708242800703106,2,0
512.8839509439996,14,0,30,0.3342098881757395,1,0
659.7315108935356,10,5,14,0.3579202363666063,2,0
451.36459837276993,10,5,31,1.240877190724198,1,0
571.0448115217182,20,5,32,0.7220856610055385,1,0
646.3725079017063,9,5,31,1.275536333182724,2,0
393.5630217876241,19,2,45,0.6224485267973996,2,0
864.0074729518283,21,5,28,1.1298879476082089,2,0
653.2074943144098,8,5,42,1.6265328318609775,1,0
372.96315075245315,17,0,38,1.5159538633307754,2,0
579.5286961014367,8,1,38,0.4124675373596087,2,0
519.9726817136429,12,4,38,1.09042615465503,1,0
565.0234576172784,14,4,14,0.7581797323750585,2,0
480.1869491721285,8,4,10,1.053026437990615,1,0
654.1541890252217,18,4,12,1.0960681556498038,1,0
460.61656496488615,17,3,25,1.1092201085705244,1,0
637.3125531845411,15,0,38,1.3220133766949496,1,0
459.9644668758102,19,2,16,1.1010247146642365,2,0
699.7635455591831,16,4,24,1.0131620079486925,1,0
494.4779740732576,16,1,11,0.9404570454772733,2,0
496.0045033332255,16,3,24,0.8235290621236951,2,0
554.1018763539494,9,1,22,1.0102395944534734,1,0
387.37920423683886,21,2,13,0.9719162772149657,1,0
432.11574961979557,18,2,39,0.9610270651057942,1,0
547.3603848316036,16,3,40,1.0916887691374464,2,0
5207.877668297799,0,3,1,3.8418949041054917,8,1
175.1777621430498,17,3,26,1.0913908889044153,1,0
661.1370850916991,20,2,16,1.4578558952084983,2,0
522.6305319916302,20,1,26,0.9646377806255213,2,0
581.2111353308883,17,3,46,1.4325150282850156,1,0
345.12141447086907,17,4,22,1.1193781149840427,1,0
372.85491070713726,18,0,49,0.8043733334220818,1,0
444.42378521149567,19,1,20,0.5783298942464075,1,0
811.6069993386865,9,3,35,1.4263848948857498,1,0
666.2506529955725,21,5,12,1.179034833902493,2,0
378.0481817419441,21,4,41,1.2201967682255699,2,0
235.26194237827355,18,3,16,0.9118458890958682,2,0
476.5239453746941,14,5,33,1.3924947492674307,2,0
610.8958761248446,8,3,17,1.2449017467815031,1,0
245.00604189754682,20,4,41,0.9221824732188232,1,0
566.8308269793508,21,1,15,1.333359806995984,1,0
600.6111418925306,15,4,47,0.9123220714294692,2,0
429.6276454961285,13,4,47,1.1933884738953089,2,0
867.4189698437151,20,4,44,0.6471090229230194,2,0
471.37738918184823,19,4,44,0.988936131596863,2,0
700.2354871765166,14,2,44,1.1889249635196022,1,0
645.014069391342,17,2,34,1.0991720177876307,2,0
765.315767488913,18,0,29,0.8523569454411992,2,0
605.5462423689762,21,1,37,1.0477476835996318,1,0
423.13893692604546,12,3,13,1.666005620326979,2,0
593.8262025246554,16,5,20,1.2655694448966974,2,0
8908.314867500572,1,4,0,3.988506591476127,7,1
794.3880785796192,16,0,19,1.0011087015543543,2,0
560.6152482513513,11,0,24,0.6934077668827612,2,0
440.3443829139623,8,4,23,1.5459846551649012,2,0
733.1240631072161,19,5,29,1.256192792965667,2,0
5486.489139711254,1,6,0,6.4353814828789275,5,1
251.79075853850037,11,5,35,1.1616394476307788,1,0
239.1401553343349,13,3,17,1.3338717002142795,1,0
378.8846897795578,11,3,25,0.9552984401908404,2,0
330.40769975937104,20,2,36,1.1868133671700805,1,0
537.1749465311035,16,2,29,1.058011952147637,1,0
537.9747857056972,14,0,17,1.2461032037837367,1,0
3967.1407122248565,3,2,0,4.607066833143806,5,1
400.057369923514,19,1,43,0.94669180686598,1,0
240.51532524097297,17,3,24,0.9307269238955334,1,0
550.0518589918096,16,3,32,1.0061636136663146,2,0
581.4944996123436,20,5,19,0.6346229119704663,1,0
287.7536192185928,20,3,46,0.6100317162111026,2,0
443.0893251521237,13,5,11,1.099619574749322,1,0
585.9691719861801,21,4,47,0.4642400524197666,2,0
325.1492614567003,10,3,32,1.0054124945902299,1,0
546.957456486972,17,0,43,0.9887020169423678,1,0
419.00185464114645,9,2,21,0.6724073576001537,2,0
338.1386749898036,14,4,26,1.1767418077083918,2,0
458.1674908773865,18,4,27,1.2535473913552964,1,0
492.1393324133796,19,5,28,1.5112316548766473,2,0
642.717391558713,9,3,34,0.8900478938895845,2,0
463.49240309374727,8,0,46,0.9100485411175359,2,0
785.6204884359511,17,5,40,1.487787674608619,2,0
544.3436733120643,16,4,41,0.5450072351737627,1,0
532.5163345643944,19,4,39,0.6708092417101468,1,0
408.81871089862733,9,5,41,0.8382631890553064,1,0
734.1424698648601,21,0,15,1.6105098104097733,2,0
4390.391820964522,2,6,0,6.477830942087366,8,1
577.9998613696715,16,5,30,0.7066488398886144,2,0
879.4346758194233,11,4,29,1.1873258236769657,2,0
3725.38450594241,0,2,0,5.916773407102968,8,1
495.3411600693647,9,2,32,0.7270949749054499,2,0
605.1883338765091,18,4,48,1.054482719876053,1,0
738.6528958662676,14,1,27,0.9382694205910997,1,0
421.0628215223868,21,1,22,1.4165013334625343,1,0
5282.514280174926,3,2,1,0.7388670403855988,5,1
435.0648771822279,11,5,42,1.0943346752055887,1,0
679.9457118778871,8,3,44,0.9344036765512288,1,0
267.03019199467553,19,0,23,0.9095507909437379,1,0
272.42394549924813,21,3,10,1.2251737502565296,1,0
432.49807130062794,18,2,40,1.3771447650587718,1,0
541.7928788098877,12,4,49,0.5717999231453604,1,0
470.2039610515958,13,4,17,1.1898902951802426,1,0
407.71562139381155,15,0,30,0.5076240392920411,1,0
681.2675762027229,13,2,47,1.5108481018027835,2,0
5662.683293558681,1,2,0,6.066801702475123,7,1
648.6887987288133,14,3,28,1.3115132964295446,2,0
394.24437797905085,15,2,37,0.8688221783866902,1,0
549.3140450514268,15,1,13,1.008340874721982,2,0
548.6085542332341,15,5,34,0.6556925830552998,1,0
252.64498469760406,21,5,18,1.0029641829489289,2,0
302.95772808814,10,2,33,1.2561425686927206,1,0
470.6482161684572,16,4,35,1.4436170828403674,1,0
639.8287346390578,11,3,32,0.9290334138343161,2,0
670.3430220774417,8,5,34,0.6681119462765097,2,0
420.6533437903977,16,3,31,0.6830327071719242,1,0
534.397119265197,13,4,24,1.5138003138515708,2,0
617.0514217424669,21,0,30,0.5125606029691032,2,0
518.4265157810297,8,2,32,0.6974007996499515,2,0
3175.2250949752206,2,4,1,5.376935458132554,5,1
599.7071129463334,15,2,14,1.0272906930326227,2,0
330.4694412989114,15,2,47,1.7235030026735263,1,0
548.3700351502621,9,0,49,0.9330798893557776,2,0
648.3020840517108,19,3,48,1.0954315168157878,2,0
601.6459532725021,20,4,37,1.237150408198517,2,0
395.3189347076169,9,3,34,1.2271800800606214,2,0
274.268601075631,12,0,10,1.0377951863346733,1,0
220.16823483828165,12,0,31,1.308596313836767,2,0
521.1264449836123,21,0,26,1.0569090793652987,2,0
272.09808867847363,13,2,23,0.15035332056682937,1,0
5458.80649566287,23,4,0,2.837725774404677,4,1
369.50297112876376,19,5,14,0.8021121096820265,2,0
478.698858045571,9,1,14,0.7723443606887086,2,0
327.90170485274894,9,1,13,0.9062734625514853,1,0
391.9377714794244,10,2,44,0.7713152476008055,1,0
316.40268998852446,10,1,49,1.2027090848183164,2,0
265.79714963340507,18,1,10,1.413951609922017,1,0
339.6069716871762,17,5,46,0.46391628059804557,2,0
3588.788439055662,2,5,1,3.115826930490141,9,1
434.26113239321575,20,1,40,0.8385522996379815,1,0
502.1366246020568,18,0,48,0.5270944873301693,1,0
161.58015387605832,20,0,25,0.8010419654873924,1,0
459.226954508052,9,4,38,0.8200513370371306,1,0
616.2733241052175,20,4,39,1.1659120257557074,2,0
538.1387419611494,13,1,27,0.8883735275641135,1,0
9700.411600011443,23,3,1,0.3286646421488939,9,1
466.15149451728973,10,1,20,0.9743175731586262,1,0
726.1450338370526,12,5,15,0.792354336376933,1,0
4740.965506273118,2,6,0,6.159714570590264,5,1
511.0151778861678,14,5,42,0.8990864010668788,2,0
566.5252580876787,12,3,32,0.6544394846239678,2,0
431.87471207606166,15,0,19,1.101880556026507,2,0
641.4269257599094,21,0,34,1.3331046939742879,2,0
430.9974258460557,17,2,20,0.7142325631544311,1,0
338.21943912320046,21,1,21,0.7315187939375905,1,0
410.9145241969547,18,0,27,0.9681335518473966,1,0
510.9020786494012,13,0,21,0.8765520566313459,2,0
551.6576326067802,9,1,36,0.9776894203543857,1,0
734.6404278419045,14,5,49,1.1233079964456185,2,0
681.5365250760315,8,4,26,0.9192950360755532,2,0
444.3562970642667,17,3,37,0.9350715915172332,2,0
626.297554317819,21,5,19,0.8892378398657661,1,0
498.35932444757066,12,4,12,0.8027545186100968,1,0
600.9698031034568,10,4,30,0.2889242559802564,2,0
579.1305738020022,20,3,34,0.9215603088042391,2,0
343.3138670214927,9,4,45,0.47895507743679233,2,0
8135.592262392945,23,4,1,3.2809999203996463,9,1
578.5092525353023,11,3,18,0.9023237928540634,1,0
5610.124277930334,3,2,1,3.3980648062080405,4,1
356.8941296683463,12,3,32,1.0330777352466727,2,0
374.7071441613862,11,4,43,1.0210745734644382,1,0
590.7835551527384,16,4,40,1.3346299892143403,1,0
247.29489590212617,9,3,33,0.3805907530123743,1,0
833.9028328650036,14,4,40,1.0032773456720665,1,0
401.2564638111169,12,3,16,0.8822711336626553,2,0
249.60659796890246,8,0,20,1.0479629902042533,2,0
6105.134781314022,23,3,0,2.7838819237659433,5,1
542.538501728425,10,1,20,1.7490453521069487,2,0
602.5508632125376,8,4,46,0.9833657913658622,2,0
542.5626535492252,11,1,36,0.7036379977297753,1,0
260.8507260077813,16,3,35,1.5080699408584874,1,0
679.2831007282572,11,3,11,1.1434606785705272,1,0
679.1845146776193,13,2,11,1.276217653868168,1,0
436.94619178205176,19,4,37,1.3773082666731198,2,0
501.87489828608756,17,5,23,1.8605209167000305,1,0
249.7101111682707,17,3,31,1.3176185589651637,2,0
632.1684708919289,20,3,34,1.210562734392376,2,0
677.3351043407472,9,5,12,1.348209701079155,1,0
597.8969610765618,15,2,23,0.6586937630347798,1,0
674.7548157259185,21,4,16,0.6263218265156336,2,0
385.97158265568703,11,2,23,1.0861400062368958,1,0
587.59324923172,21,5,32,0.4286643279229252,2,0
591.2611630698839,13,0,40,1.8297938843317803,2,0
418.9620494996349,8,3,32,0.5962504646372735,2,0
712.7797017722055,17,2,29,0.25365740303947615,2,0
205.5938629987345,12,0,26,0.8816119563404802,2,0
680.8934026856813,20,2,42,1.3425559734432915,1,0
626.4246867092646,19,3,29,1.3619440466245163,1,0
6561.630855628276,2,4,1,3.75079818646332,6,1
322.7188811868798,19,0,31,1.134842173849692,2,0
812.9070574305671,13,2,28,0.6955721520442444,2,0
491.91427264913915,18,4,37,0.7053089258868057,1,0
529.4197188535861,14,5,20,0.7287795130791999,2,0
5760.396738306788,1,4,0,4.640787004427649,9,1
374.34358521575456,17,3,10,0.6761822628701938,1,0
551.7613065418776,13,2,48,1.3859509357215793,1,0
395.10226882585073,10,4,46,1.3487374859776917,2,0
548.0416116456644,20,0,13,1.0526484903882978,1,0
530.4723802386811,17,2,37,1.149032672130073,2,0
715.1199084850376,9,3,35,1.0748753685367507,1,0
472.79218953360714,11,5,23,0.8516936986429849,1,0
190.25639186228972,20,4,24,0.7942005874841735,2,0
468.0005301036096,17,2,47,1.2879870023301236,2,0
560.0722079759493,16,1,19,1.0393195558647546,1,0
717.6391322418817,13,2,42,1.5421589930913655,1,0
572.4041077424231,11,0,13,0.7217463419423787,1,0
351.25093360495015,14,5,18,1.2068294711545398,1,0
223.09276243339167,10,3,36,1.2759109942252906,2,0
469.35570000472444,19,4,25,1.241175799264216,1,0
466.74671300013995,11,4,26,0.6551885169352382,1,0
680.3716621479513,21,5,20,1.0951440954131426,2,0
664.2740617580348,9,1,16,1.1300516499840527,1,0
565.3963084250069,21,4,39,0.24032617443409443,1,0
579.2776826592388,14,0,30,1.384417764694851,2,0
411.51360532013655,21,4,24,1.2532849684292253,2,0
310.2970352365912,13,1,12,1.45878896525186,1,0
464.8497633436905,12,1,42,1.2422334154025054,2,0
548.8761278221887,8,1,38,1.3625043452720689,2,0
690.3758984687569,13,1,34,1.0638849921014868,1,0
271.76047360509955,21,3,41,1.524021681252504,2,0
4970.12644535847,1,6,1,4.3303030327904395,8,1
7800.799589590564,2,3,0,6.1084494078920795,5,1
483.2736759285584,10,2,19,0.7585100557442317,2,0
6109.880399134674,3,6,0,2.102820394967517,6,1
448.4176707781006,17,3,13,1.1725099105327055,1,0
754.3584316716298,16,3,23,1.5691866084319335,1,0
591.2548314342256,13,0,46,1.1572978107993717,2,0
426.8010025689162,16,1,21,1.2462900653105202,1,0
254.35926238149924,16,2,15,1.0358800788001312,1,0
645.529524002795,16,3,36,0.6385193196315884,2,0
103.86534809844409,11,3,42,0.9029686397366188,2,0
516.5584458661546,15,5,22,1.1522262783499866,1,0
593.1121332919136,14,4,21,1.3120565694378257,1,0
801.5722451887367,14,2,28,0.7027914637167703,1,0
679.1142874919227,21,5,33,0.6651407165920931,1,0
704.8757908334695,13,5,28,1.2234689255341293,2,0
409.30068987571764,19,2,42,1.2477179088841535,1,0
385.97289031568994,21,0,46,1.0115520947487278,2,0
545.918105151794,15,5,22,1.2352899309167846,2,0
523.5887655177947,19,2,17,1.0018634066865357,2,0
6017.131754716639,1,6,0,8.261163940660126,4,1
412.7326949911919,14,2,32,0.6478360106773082,2,0
671.4049874352775,14,0,30,0.4802367926936939,1,0
407.53214820484294,19,1,33,0.6989016364984593,1,0
419.4915334875457,14,1,29,1.21483320942433,1,0
631.9125561706105,20,0,40,0.6767871769045726,1,0
603.0598693788374,20,0,32,1.439962257783581,2,0
420.28181729611777,8,3,11,0.5296421723903633,1,0
378.41529355619525,18,0,47,0.4791712724204503,2,0
509.6250688437011,15,2,44,0.8919682142085439,1,0
534.9180114410245,8,3,33,0.7729708068952221,1,0
612.566985633106,16,4,43,0.6096030763283065,1,0
652.9387719546193,14,2,34,0.5569158071063953,2,0
345.39658978692967,17,2,42,0.7414345213015181,2,0
577.6132698784198,9,1,34,0.8297485198338629,1,0
740.2921259768594,13,0,48,1.5041486891243943,1,0
510.6880624866339,11,1,33,0.6119477124387713,2,0
684.7652344234239,11,0,18,0.5078615928830775,2,0
845.5458128157184,9,1,38,0.5561667330580828,1,0
440.3731041635207,10,5,18,0.9052652870679488,2,0
376.40967695420005,20,1,22,0.7842671645652443,2,0
807.4718143678889,17,3,18,1.0002048456872448,2,0
801.8051196440915,19,4,32,1.040851864919448,1,0
650.6564952144698,14,0,40,0.7898389515971385,2,0
439.75884340143057,20,1,34,0.9536383017310391,1,0
788.9311344098867,14,5,12,0.6856533837616924,2,0
443.77934232573926,11,4,28,0.8648136147775315,2,0
268.5797727185531,21,0,13,0.8101734910344883,1,0
563.2319125304842,14,5,28,1.0800455188886207,2,0
471.4763084391908,8,0,25,1.0170227701486163,1,0
620.274647381738,9,3,25,0.8209034827072684,2,0
938.1128848828821,20,4,16,0.7261407046709111,1,0
3598.6946913108904,1,6,1,6.76529615402624,4,1
522.9533890588827,18,1,43,0.8790432200338629,2,0
556.0022839567097,21,2,35,1.0937134631399714,2,0
678.9102748124621,21,2,17,0.6226395532273337,1,0
478.6780194589181,18,0,10,1.101606195376507,1,0
626.8289149827817,11,2,12,1.3453658922356841,2,0
619.1368386501451,8,2,25,0.8722415240795207,2,0
580.8716176925225,8,1,45,1.2935109813309316,1,0
872.7784875018338,10,4,41,1.079432593293394,1,0
411.0391798351655,11,5,40,1.0944118922663406,1,0
554.212328565797,14,1,23,1.1824686685921937,2,0
659.775794857158,15,2,22,1.4357850236458538,1,0
486.7131453770498,9,5,24,1.0392680463831387,2,0
306.98580580208954,9,5,16,1.032400223184091,1,0
399.3386859640184,18,5,11,0.9612264226142445,1,0
661.45813094133,21,4,29,0.9573730374731004,1,0
686.2088496969784,12,1,26,0.8953053846794994,2,0
6716.0283906042905,23,3,1,3.343607454069531,9,1
628.7927597114024,12,3,25,0.8595807992527764,1,0
288.6339608366034,16,2,45,0.877409226238999,2,0
571.8228122319613,14,4,47,1.2038727055481924,1,0
522.4129210263795,8,0,10,0.9134823399099103,2,0
340.2712392905072,18,2,41,0.7617349004156699,1,0
412.1108490023367,11,3,15,1.0987320336130388,2,0
687.9263951641226,20,0,46,0.8655326151099552,1,0
515.5157193962159,9,5,39,1.6126228120431232,2,0
417.7829077661413,14,1,16,1.0124371363402267,2,0
636.4477309338239,11,5,38,0.7869439151674864,1,0
670.8363131111622,19,1,15,1.0330099270142516,2,0
517.3396995595581,14,2,31,0.6650785660149904,1,0
365.18491632089024,18,3,38,0.3991152937983512,1,0
391.65966745191696,21,1,26,0.9064038974055988,2,0
361.91256589911814,21,5,12,0.8522528827499004,2,0
3078.522243329076,1,4,1,2.6065063801499546,8,1
756.4742279115497,19,2,49,0.9493833465408189,2,0
735.4799654389951,17,2,26,1.0205911145283146,1,0
513.0730910573262,9,5,13,1.7468383243782082,2,0
317.4075961669281,10,1,19,1.0478387520412387,2,0
505.20706231288426,13,5,41,0.4094487359685839,1,0
3012.2746503302933,23,3,1,5.840383085789983,6,1
310.32523895675513,14,1,22,0.462068064239627,1,0
635.2326884862147,14,2,14,1.318044311560798,1,0
693.9534917322053,14,5,25,1.0043470591959374,2,0
735.5197123369567,10,4,43,0.9616076093414454,1,0
5557.983589496948,1,4,0,6.723633606437647,4,1
312.5907195410708,13,1,16,0.6676050873871278,2,0
685.6480636267997,21,3,26,1.1139302908122688,1,0
407.85152838555587,17,2,21,0.7870633023299395,2,0
613.2678865958839,21,2,37,1.7513850040814707,1,0
480.57028884163486,17,1,45,0.5844228731478094,2,0
4344.116159465282,3,3,0,6.602161927576372,6,1
521.4214088663875,18,4,47,0.826674847553747,1,0
419.57417500640156,12,0,11,0.9207886714016796,2,0
340.8059702432777,16,3,26,0.9863605071612986,1,0
6325.451653038534,23,3,0,3.3857200340413276,8,1
731.7885754632115,9,1,29,1.72426519367162,1,0
306.3923720317382,21,0,38,1.1288050706267416,1,0
500.1065182348945,15,2,18,0.947365351081147,1,0
463.95076438504776,12,2,35,0.4990396999978808,2,0
792.9954883618987,21,3,27,0.961379398141623,2,0
170.58082683500805,17,2,26,0.9513628073560425,2,0
603.9286376356155,10,2,35,1.1747713956426415,1,0
250.4370207452012,11,4,10,1.3147376251720075,1,0
701.5235312276094,14,3,15,0.4562996248687834,2,0
815.3655015472757,21,2,35,0.9231371283580047,2,0
439.8815532530765,16,4,29,1.7573189613469666,1,0
511.5516136239416,17,2,11,0.7097994409225885,2,0
407.89870893928924,17,3,42,1.2809980929540377,1,0
729.9746175028146,19,1,30,1.301140464499744,2,0
405.74957768056504,17,0,32,0.9699071077022341,1,0
339.61840145582596,19,1,29,0.5249050524518506,2,0
6343.062343458107,3,3,1,8.056062718775665,7,1
241.32428208878213,19,4,15,0.7782001631929828,1,0
651.200600643989,21,4,49,0.8351186246005499,1,0
816.8518832435432,11,2,46,1.4190792818066904,2,0
706.2198371844748,10,1,14,0.6709642487651959,1,0
449.4653018056604,10,4,15,1.076691692539949,1,0
750.0593654213264,16,2,47,1.036452189052223,2,0
520.1061329349536,14,5,23,1.0721898232075464,2,0
5098.616663040445,1,2,1,6.537679351937793,5,1
519.3705429717759,10,0,21,0.9470933990743952,1,0
327.4741909528418,17,4,31,1.1039908589697518,1,0
511.5474712110731,9,5,17,1.037221817715848,1,0
667.4369585777188,19,0,11,1.452414277425746,2,0
396.711796304506,11,1,30,0.8748123679563994,2,0
625.4331618312503,17,3,23,0.7782943309003095,2,0
246.62254430491075,12,3,39,0.8586208777892441,1,0
463.15020860608945,16,0,35,1.2584903988916438,2,0
523.0322957481112,13,3,19,1.0427511467728496,1,0
3804.4793344471427,2,3,1,5.337999320622307,8,1
858.6149247151586,21,0,27,1.113127628122743,2,0
457.9843213730043,19,1,36,1.4867912614106251,2,0
736.3084211084248,17,1,34,1.0086372441215445,1,0
4115.986336079192,23,2,0,7.641695812441414,5,1
421.8704502273716,9,3,44,0.5257747548071676,1,0
752.6869619025349,21,5,33,1.553169607600585,2,0
458.55205473103285,17,3,20,0.7551886313817184,2,0
8197.076224192682,3,3,0,6.604256917236238,5,1
327.3269395170696,14,2,25,0.148276402154372,1,0
474.1755328582931,16,1,14,0.7417296674519491,2,0
257.6169818884291,20,2,35,1.0898943063512045,2,0
605.1050918180875,19,1,20,1.844396333341766,2,0
484.3485810519662,13,3,11,1.117992115001597,1,0
569.0407437473456,15,3,25,1.0584527020810415,1,0
719.3293908076455,12,4,14,1.1345907293543582,1,0
537.5442965274564,12,5,24,1.242734820472576,2,0
807.436239293681,19,2,24,0.9142365111419575,2,0
442.5837226732518,11,2,35,0.6879249199027584,1,0
486.0525812615748,20,4,36,0.9262363732748697,1,0
441.74795925482624,21,4,13,0.9083142666795061,2,0
445.4445325849227,16,3,21,1.0149013168900793,2,0
511.92570985515465,19,0,21,1.019605178829329,1,0
469.0813239121038,15,2,14,1.2280965626049574,2,0
525.0555501089533,21,2,47,1.125218539220175,2,0
312.5168778712614,16,4,19,1.1691589506773064,1,0
597.404702650629,12,4,28,1.243361058358802,2,0
352.9388885302943,11,1,25,0.6731950010243501,2,0
349.12196528765537,9,3,46,0.48720709141268637,1,0
6967.845362861468,2,4,1,5.788143420226927,4,1
671.9045216213098,11,4,24,0.7667885545462281,2,0
463.59518782620773,14,1,26,0.4329969486451172,2,0
769.4485889727027,17,0,47,1.2390946548140858,1,0
754.6148272005155,16,3,16,0.7957351286476304,1,0
457.7296428969914,15,2,43,1.0295495044074043,1,0
538.4332754122967,16,4,24,1.1450319675790117,1,0
272.16337623648985,19,5,45,0.21078095895128102,1,0
422.7825987627887,16,1,21,1.0730590612559034,1,0
452.9388083968564,13,4,29,1.126045988195886,1,0
3911.27283698181,23,2,1,6.862681846366005,8,1
435.0839174617417,9,5,45,1.2381455401431447,2,0
470.57177812213007,9,4,19,0.7986569179710635,2,0
300.6222299982676,12,1,19,0.9816434686662935,2,0
354.17714026960084,12,5,30,1.294695844826633,1,0
4804.338375800113,23,4,0,2.7841166581700083,6,1
5791.597697419495,23,4,0,5.52710162390957,7,1
141.9605194706491,13,0,10,0.8512365483969553,1,0
664.5950281315563,15,5,32,0.5303055905183212,2,0
238.74446703797344,19,4,30,0.8886175862157241,2,0
548.685130231121,10,0,10,0.9621688092040857,1,0
516.5802976210911,16,2,34,0.8121054171450979,1,0
3883.5829343363603,3,5,1,4.635851059816147,8,1
487.7072322405357,14,5,22,1.3272468003566558,1,0
506.8237214496128,8,2,11,1.1675009269635117,1,0
664.2588299722079,12,1,16,1.248785174027766,1,0
488.541554559975,15,5,14,0.9557441306145832,2,0
539.7797953922453,9,0,39,0.8061054112691969,2,0
526.6068756371702,18,2,21,0.37003803033428595,2,0
386.0740007890327,8,1,41,0.7836446329445633,2,0
508.1527217820525,21,2,37,0.5969719098634914,2,0
628.5408955577163,9,3,17,1.1065168834716759,2,0
532.4444687602806,11,1,47,1.1727038567606374,1,0
649.6448115380367,21,2,44,0.9139617292785193,2,0
387.4458457187284,11,3,34,0.6261207958196708,2,0
543.6345586385008,13,3,47,0.40134046586447847,1,0
480.1795116647679,8,0,40,0.8428806091685734,2,0
511.81895273117686,17,5,21,1.0502087360535108,1,0
301.8612040905049,21,3,26,0.3628950948025512,2,0
446.87708150922197,14,1,15,1.3121523932047312,2,0
726.3696520106826,21,1,24,1.1816818697893938,2,0
450.10177728825914,10,2,31,1.3802918128181376,2,0
415.0233507152792,14,4,11,0.6639449683938385,2,0
538.374447265159,11,5,28,0.8537344353866569,1,0
328.68826413584304,13,3,33,1.0086780592184652,1,0
284.9711041567257,12,5,44,0.368466643581163,1,0
428.38137148293225,20,3,23,0.5092033493680678,1,0
709.1938082316765,15,0,44,0.6864356913037869,1,0
1557.6483494205513,2,4,1,3.1677169668373133,9,1
640.5600312653047,10,3,21,0.8232729332405797,2,0
671.0470122503912,17,0,49,1.7496602158497359,2,0
250.8374876649241,10,4,35,1.1509756194248515,1,0
379.2801877137672,17,1,43,1.1646551277426485,1,0
1068.1420117060443,0,5,0,4.834278654928169,5,1
462.6392233020439,14,0,20,0.4981318296065278,2,0
409.555264977176,13,5,11,1.0953725152287026,2,0
438.4810632222866,19,0,38,1.0853426888393416,2,0
778.846654166513,13,1,14,1.2946536960300064,1,0
499.6280253315259,17,1,27,1.3348564193301544,1,0
256.6812782822153,2,6,0,9.08413930585576,7,1
5314.255837981882,23,4,1,5.352379645005385,5,1
306.7324721616051,14,1,47,1.1676717883492485,1,0
521.8754705323075,17,2,18,1.1755898309549013,2,0
625.9495796646784,10,3,12,0.5927447380474196,2,0
548.1314766776866,8,5,20,0.9506317091131977,1,0
430.5565846087292,13,5,11,0.5823171457432288,1,0
540.885367580541,18,0,44,0.8155289413685195,1,0
4749.651143233672,2,4,1,6.693764207769828,5,1
521.2030289910399,17,4,18,0.8006503955583295,2,0
721.9979619770985,17,1,21,0.943182267246789,2,0
387.9441018951088,13,0,12,1.0130756795168727,2,0
655.840514215465,12,4,35,1.1591507722503795,2,0
449.09344905528343,12,5,24,0.955618209427723,1,0
564.3699292283443,20,2,30,0.7849873513248936,2,0
6991.562456755058,1,4,1,6.058612423581146,9,1
472.98108033532685,8,4,16,1.1597233948129093,2,0
320.3903431468932,13,4,29,0.7572017722953981,2,0
4574.9972706176695,0,6,1,7.357896798473336,4,1
530.0677256510476,20,5,25,0.9042490256192217,2,0
426.23932268139095,13,0,49,0.8543397884081507,1,0
7535.303022375947,0,2,0,5.5774560060196725,4,1
267.27316264116064,17,4,37,1.198615550427542,2,0
647.168178201877,17,1,45,1.3394914359004937,1,0
627.511899862633,8,1,34,1.1253042256718202,2,0
647.2671420433703,17,5,11,0.506222846066195,2,0
626.8704308844392,19,5,46,1.1542187657274328,2,0
430.8245401948071,8,0,26,1.226969402473942,1,0
320.82155903509477,21,2,33,1.08574098603842,2,0
425.3587450156491,20,0,33,1.0400446084225539,1,0
399.0066322300064,18,0,24,0.807823374175272,2,0
218.1355725101388,8,1,13,1.2792877857663991,1,0
476.1989741781122,19,0,35,1.3757101289982325,1,0
543.9912447890472,16,3,29,0.7771675466413872,2,0
352.3400561197725,20,0,44,1.1753919094807357,2,0
420.5335293735756,14,0,25,1.3078769278812954,2,0
352.87123453635627,10,5,33,1.0099343834175198,1,0
608.4081469179729,11,3,13,1.1489846148902068,2,0
405.6098601611683,16,1,31,0.8517377635470171,2,0
677.0192260612291,14,4,35,1.3432879205679817,1,0
563.4318270129996,10,0,40,0.1677339472045557,2,0
342.2670970662079,21,5,42,0.8423039877748825,1,0
429.3914887694223,10,3,11,0.8950162496455479,1,0
575.7299229766701,9,3,21,0.8827724760806439,1,0
241.64849646953212,10,4,26,0.42001297850032804,2,0
519.8279704272329,16,0,42,0.9655848627626262,2,0
480.8805547673923,16,4,23,0.9286794768884845,1,0
630.9236526508452,20,4,13,0.7101529829888749,2,0
364.35412797580125,14,2,23,0.9716553057566538,1,0
744.3407338465363,13,4,27,0.5176315580712793,2,0
618.7788965582101,16,0,47,0.8288078709399662,1,0
627.8702965149425,19,3,46,0.6312449206598751,2,0
717.817654877384,13,4,40,1.0042447794897276,1,0
410.53828880466807,19,4,12,0.9102454682717697,2,0
387.59634658658337,17,1,12,0.9335390207248786,2,0
8721.974080367223,3,4,0,5.259367819130552,4,1
689.4113724721459,9,1,22,1.263036866366186,2,0
390.1208474259091,17,2,34,0.9915152053878664,2,0
407.9618591955808,13,5,12,1.058872282200016,1,0
514.694489671419,15,4,15,0.8985885877270161,1,0
631.7221903007796,19,0,45,0.9260884424759941,2,0
550.3289338437069,9,4,45,0.9383604941113824,2,0
510.66583539408884,12,2,39,0.9300621233121229,2,0
345.8603372881356,21,1,18,0.8542315527623855,1,0
716.2917508702835,15,2,32,0.8462877277969919,1,0
508.37959097667454,21,2,38,0.9071050858035816,1,0
405.6090813839129,12,2,42,1.131232323299676,1,0
493.8735548725877,19,4,37,1.050462704405217,1,0
453.9412521636932,13,4,37,1.360227688461072,1,0
3693.408044281211,1,3,0,5.120515354664951,9,1
5517.825495085552,0,3,1,6.055030031511202,4,1
4202.157941566706,1,3,1,3.590124171536792,5,1
464.97313136226524,17,0,38,1.7914525769861798,2,0
462.7076219349984,13,1,48,1.1879840911789212,2,0
605.5160199708341,14,1,34,1.6464786032149425,1,0
2359.6195283350153,2,2,0,4.657522087089903,7,1
607.7626135207462,10,1,43,0.9526759050305544,1,0
371.5745239007375,15,2,15,1.010669822209898,1,0
597.8459227415345,10,1,48,0.5105994668748781,1,0
572.0390752108888,18,0,39,0.6834676973558652,2,0
603.9153547773291,20,1,21,1.3317499198884137,1,0
432.65388783064077,15,2,31,1.0025950531926755,2,0
5795.7040155386385,3,3,0,7.033259349772617,6,1
380.0010357957445,10,1,33,0.9189315042918137,1,0
543.9338853732072,17,5,34,0.9831564604044386,2,0
518.94712992248,17,1,18,0.8592607437368773,2,0
599.9404508065285,12,2,15,1.1733935570918672,1,0
486.1541909298839,20,0,49,1.4668922165440823,2,0
408.74738529809935,13,5,14,1.1777590921953285,1,0
203.4393539134466,8,5,46,1.3252399262433403,1,0
608.4240342478269,14,4,30,1.0335397474610164,2,0
503.93071291610534,20,3,47,0.9089307024202254,2,0
505.2300324168719,17,5,12,1.5990550656066553,1,0
7263.620322430847,2,5,1,5.22970479912542,4,1
534.832175893235,21,4,43,0.7973246837755996,2,0
543.4280313974529,11,4,33,0.7297435280700448,2,0
416.8889409149015,9,3,25,1.1146391513189904,2,0
3234.009552998234,1,2,1,2.919072458761443,9,1
587.7024922876883,16,1,32,0.8889323224400937,2,0
565.5441613085591,9,3,14,1.0330496046083624,2,0
666.1347984962935,9,0,27,0.7727924540409495,1,0
417.94636234855096,14,2,35,0.970414706907832,2,0
673.1524362148259,8,0,34,0.954176629656244,1,0
503.4286264767685,8,1,23,1.2212538680868554,1,0
661.7800319094421,14,4,27,0.9016788549196002,1,0
433.50188445857134,15,1,18,0.9517190935602792,1,0
519.8521549263121,10,2,15,1.076320531495235,1,0
595.23557173774,16,3,19,1.7174664462974376,2,0
4322.803206770024,1,6,0,5.469830495038882,9,1
572.9277187342908,15,5,21,0.41518847340327303,1,0
576.0530408203035,11,0,41,0.9827813904777892,1,0
231.24058702492079,16,1,18,0.99404168565763,2,0
323.805248456364,11,5,48,1.2202542380605406,1,0
517.3232424709375,20,1,24,1.0173322020118256,1,0
446.7317516764252,13,5,40,1.1244473446107623,2,0
409.7050078441811,8,5,49,0.7425967334101657,2,0
602.0323183854235,9,5,27,0.9403450769447047,1,0
650.989357291655,15,3,31,1.3846407221080392,1,0
467.3572729742778,18,2,40,0.9501193318838865,1,0
507.5804514189367,14,2,21,1.446940789471406,1,0
3330.5593811003873,23,3,0,2.101698953774226,5,1
646.700078625734,11,3,31,0.5460583674574571,2,0
191.83396670185329,9,2,17,1.705927734673293,1,0
548.2064478622185,21,1,23,0.8564385098731139,2,0
577.8593335407388,10,4,48,0.7067576089183792,2,0
803.0539303205901,16,4,19,1.0180300581719204,1,0
622.4744035840038,9,4,14,0.9962259809493664,2,0
487.984634753927,16,2,44,0.7890636836003142,1,0
299.55738671225436,15,2,26,1.3037315310488486,1,0
223.24879903497526,14,4,26,1.2356773390495908,2,0
397.7929647395639,13,2,27,1.2903478072075611,2,0
649.0673321795658,9,2,31,1.4121743155634348,2,0
508.0310945923252,17,2,38,1.291482868975416,2,0
376.6885982258109,9,3,33,0.6342146600433418,2,0
340.36699897739766,15,3,36,0.9970465574048851,2,0
600.6366872415313,21,1,46,1.1811371560833683,2,0
324.05242228019097,14,5,48,0.4796008235401028,2,0
507.3108731043152,13,3,14,0.3327940532916144,1,0
137.64989308017795,17,3,28,1.0072498456150571,2,0
347.99479886130143,14,4,16,0.4493360767635054,2,0
608.6934720146592,16,2,27,0.7354602686599687,1,0
5894.787874137951,3,5,0,3.9975317844195746,6,1
451.5670393132091,18,1,13,1.178349942024867,1,0
489.1403563958574,13,2,46,1.3078426133205898,1,0
637.2574974004085,19,5,15,0.9741437992545673,1,0
608.237134267648,18,5,11,0.9138182523653613,1,0
414.1996342605298,17,1,17,1.5972028051569997,1,0
709.7795412060746,13,3,49,1.4790549383817528,1,0
729.3393492220611,18,3,42,1.1096112766645942,2,0
658.8171010235371,21,0,43,1.0594394953407626,1,0
452.18775271308004,14,4,29,0.6910564454374465,2,0
4346.818345098345,1,4,1,6.662239995987809,6,1
340.5239966390975,15,5,46,1.1243898685724014,1,0
663.0653543023615,8,5,25,1.0945734779712564,1,0
543.0161168573879,20,4,30,0.9558384163943208,2,0
466.8436304694424,15,2,22,1.0208109407974209,1,0
479.95940935952444,15,1,18,0.7698113876438273,1,0
7277.234142907571,1,2,0,2.698018871978853,4,1
491.3244575593962,11,4,35,1.0731289064539158,2,0
393.9642831293604,15,5,13,1.1564507576709557,1,0
352.83444290753965,20,3,40,0.7509098404047377,2,0
453.29781693309536,14,5,38,1.368341030035404,1,0
339.44728229903194,18,3,16,1.2741550430224495,2,0
562.288374255162,21,1,49,0.8414111525199468,1,0
600.0059091287915,14,3,34,0.9812152544161232,2,0
513.7753637402519,20,1,37,1.2689170262045806,2,0
345.2050574229231,8,3,21,0.8679222386840799,1,0
576.272833422106,21,2,34,0.9433869614522241,1,0
591.7636363941973,12,1,14,1.49141408336098,1,0
4061.508324674688,2,4,1,5.059733846515651,8,1
611.3292470103656,13,5,17,0.8436994182978397,1,0
621.7082179875738,8,1,21,1.4136014251910767,2,0
673.3294383923533,15,3,38,1.0610185930150766,2,0
451.1404317124329,13,5,38,1.222163609762331,1,0
381.98673093466573,19,3,26,1.2007371973087895,1,0
449.713387719796,19,0,48,0.5976805860095293,2,0
401.9733201000439,19,2,44,1.2528118056095352,2,0
434.41888295781723,21,4,27,0.5122655205774449,2,0
384.13775134841177,17,3,31,1.2668623693507073,1,0
731.5546641488621,18,3,14,1.0256165830404875,1,0
239.97957529457182,15,2,29,1.0664479921398498,1,0
439.92807607897436,9,2,49,0.8981489075590339,1,0
512.677771372299,9,1,16,0.7859245990278473,2,0
226.8859583296976,21,5,34,0.7882679550713905,1,0
425.04192508703113,9,0,39,0.9691994174302216,1,0
497.0743207188703,9,4,36,1.1979454857834946,1,0
366.361611193272,18,5,15,1.2157752949166,1,0
807.9262419619806,11,4,26,1.1932874578783763,2,0
744.610243195456,15,2,12,1.0785516959219141,2,0
325.7283385457844,13,1,48,0.48114928011020575,2,0
612.3520932611196,17,5,10,1.464802278031318,1,0
461.35692717335087,17,0,38,0.9791099640099675,2,0
528.6490621655914,15,2,18,1.0127644773970927,2,0
308.4716335338378,19,0,22,1.2845525629790593,1,0
592.3356382243168,15,0,21,0.9340468888662452,2,0
506.0921130448299,21,4,40,1.429775835467589,2,0
527.7687551471026,9,3,20,0.5648135039941575,1,0
3851.7986494328034,23,6,0,6.0728277997826865,8,1
655.0821582386313,9,0,20,0.8777619678125195,2,0
335.33407730237263,16,2,15,0.7951481614445297,1,0
484.6800412638948,10,3,15,1.2969847119905626,1,0
209.9544438485483,21,0,34,1.2090277429057477,1,0
520.6028719110554,9,1,37,1.8754520665180276,1,0
540.9516076241579,11,0,12,0.3776079887360896,2,0
6257.537158181423,0,6,0,4.285257807166808,5,1
327.6722885106068,11,5,30,1.0768239635998063,1,0
307.4757296488765,17,3,42,1.3781418887059176,2,0
5884.99335913586,3,6,1,2.861746471163744,6,1
444.65908414528064,9,5,36,1.064142638182319,1,0
465.79579553226813,15,2,39,1.4316479138362668,1,0
3828.1880786376482,3,5,0,4.302471070600717,6,1
650.0194003630972,16,3,20,1.7311727727772657,1,0
346.11978410457857,18,3,15,1.018699404885737,2,0
4649.410940191974,2,3,0,5.798635203438262,8,1
524.4797689244537,9,5,33,0.8745301643335232,1,0
504.6121374631248,10,5,15,0.3011675046632273,2,0
605.1149010808227,21,3,21,1.2199180347616452,2,0
579.7234532219986,14,2,45,1.5504460433760108,2,0
613.3994079165375,16,1,33,1.0260292616736961,1,0
5359.8287390928335,0,3,1,6.675661070458961,5,1
612.6309169101999,13,2,20,1.1963293081316864,1,0
634.7628007440726,13,0,16,0.7154194284442488,1,0
439.862720968381,15,1,49,1.2447295494969979,2,0
270.94384087693146,13,5,14,0.8489612968296825,1,0
199.49393766633273,10,1,30,1.254546798291337,2,0
403.2773567706729,11,3,31,1.294748301742173,2,0
7184.213567964853,23,4,1,3.90418939158613,7,1
299.620639374708,17,1,25,1.2172409677943492,2,0
2600.549469819573,2,4,0,6.397839370161577,8,1
279.4265673153124,18,2,19,0.6211690672904309,1,0
445.020622638939,17,5,41,1.393228158209006,2,0
770.7251548465997,8,4,11,0.9563329904390849,1,0
736.060132483266,11,2,18,1.1370064032191198,2,0
698.4116700327703,16,3,28,0.9492631943071551,2,0
396.9827849222658,16,0,31,0.6505342603320876,2,0
542.6084855794805,16,5,28,1.0772724912667584,2,0
1999.0645744339645,23,2,0,4.306580934247997,8,1
546.2818853958826,20,0,35,1.1464751853954684,2,0
3686.6213087451733,0,3,1,4.4793819174571246,7,1
329.28785585652315,12,3,22,0.9174979806545646,1,0
331.61210915746346,17,2,18,0.9452224366656864,2,0
646.2701781864932,17,0,30,1.1152857664501894,1,0
258.5718525378531,13,0,32,0.7908072547902918,1,0
436.89331541121976,9,0,42,0.8730123274925801,1,0
402.4554510816965,9,0,38,1.045614799306894,2,0
447.92202573316064,12,3,13,1.2312406659963913,2,0
518.9197273769023,10,5,46,0.835278673613856,1,0
619.9709439230235,14,1,10,0.4901743164706952,1,0
9326.201885361224,3,6,1,7.289100691488763,5,1
529.1082599575633,14,4,19,1.327726600688308,2,0
334.16229364790615,19,4,26,1.2600838497731761,1,0
526.1982020958451,19,1,41,0.7365157563012958,1,0
719.3728562719391,8,0,19,1.0538747378389535,2,0
313.6630199676156,12,5,39,0.6623238657904094,1,0
2807.55935026287,3,5,1,4.864257236601036,5,1
564.7447444456396,14,3,19,1.2219026404353501,2,0
591.3103383686625,9,1,25,0.8328608282283306,2,0
450.1468289721553,19,1,14,1.3131537984421235,2,0
370.3895071867863,18,4,29,0.9278012618687396,2,0
300.3942303003611,20,5,23,0.3466096803415937,2,0
515.4287866898501,8,5,38,1.0448025733179642,1,0
286.8875465481347,15,5,34,1.4243843854423324,1,0
414.75923208866885,11,4,34,1.2015488913200885,2,0
374.78372310599156,20,2,22,0.8605617388245148,1,0
270.2697027134535,15,2,11,1.3450802187694888,2,0
588.0196066977089,19,4,10,0.7976757056769619,1,0
510.01431880315846,21,1,20,0.7613658292399035,2,0
414.4528898320301,10,1,20,0.6462675356911456,1,0
30.23842490446191,11,5,43,1.4373043601068611,1,0
281.49778380138775,10,3,17,0.8735217812327191,1,0
615.125005853378,13,0,45,1.2281472198761505,1,0
425.70994685882187,21,4,21,1.3643262410406027,1,0
2529.250185746228,3,5,0,8.046453414357678,7,1
297.53403959281536,19,2,30,1.530450787917935,2,0
799.8859544500253,20,4,18,1.3419925343501529,2,0
700.7040744172881,17,5,22,1.3022742048288198,1,0
2927.3815052524596,2,2,0,4.593077717839391,8,1
663.5275206530671,17,5,31,0.7755711806135058,1,0
544.0306294952961,20,3,24,1.0748253063055124,2,0
597.3913364796817,21,4,25,0.8931740127039673,2,0
547.8740266263363,11,2,21,0.9397292483372883,2,0
592.9533382418168,12,0,42,0.36074860079323734,2,0
520.1249623993765,19,5,32,1.1285026151982174,2,0
359.28687218623577,17,5,47,0.9377973171229634,2,0
681.199105979058,18,4,40,0.3262988685182513,2,0
576.7668467975741,16,2,11,1.1856177514313397,2,0
610.3011731296695,21,0,43,1.018572431208999,1,0
405.4575798830829,16,5,24,0.4725834425688408,1,0
4545.787984438148,3,3,0,4.716484891944923,4,1
8636.967975071599,0,4,0,4.215644633597981,6,1
259.3626566120221,10,0,38,0.6041145074700003,1,0
3508.1157470487974,2,2,1,3.676917114969416,4,1
371.5477222578194,14,2,30,0.8165098789916323,2,0
473.11234619646325,10,3,26,0.9669983503896845,2,0
369.5332950792447,10,0,22,1.3291624136692697,2,0
390.86964472103364,19,5,13,0.9494208439394061,1,0
408.7850360827123,21,0,20,1.234135572151246,2,0
590.1181573502656,18,0,34,0.5356379616930742,1,0
490.4639691220818,15,4,14,0.5647216326666327,1,0
495.6175391219022,13,5,25,1.2325345364767257,1,0
826.0565209329114,17,1,34,0.4766049279104043,2,0
799.0535850117949,14,2,17,0.7165038547745108,2,0
521.1936541110655,14,0,17,0.9742670454483051,2,0
596.6303916044235,11,0,35,0.8238509200644057,1,0
350.7066999867808,9,3,28,0.3033455968184112,2,0
600.6212738143875,13,1,36,1.750888772680892,2,0
744.3957324356471,8,0,40,0.9656060459466557,2,0
334.34302331553215,20,1,47,0.6493302612111554,1,0
283.46644487244123,14,1,19,1.206062566960868,2,0
467.91872486680415,21,4,12,1.2910948605364845,2,0
369.10497048290927,12,3,13,1.144406199368023,1,0
527.5699059490145,19,4,49,0.8756830624104301,2,0
561.4219079297072,17,5,42,1.4161021957374764,2,0
4923.61846092955,1,4,1,3.457181597245615,5,1
799.0794408848892,14,5,18,0.8633618848461373,1,0
378.3659095699625,10,2,42,1.1100442129856327,1,0
388.9264840501762,16,2,24,1.2594473315473034,2,0
502.1480597053492,12,0,41,1.2971250243521883,2,0
318.081639032234,12,5,43,1.2171644096437841,2,0
540.2150050977853,21,5,18,1.7952965283615803,1,0
464.4547586643119,9,3,18,1.0392021817232193,2,0
247.7407197006749,15,4,22,0.9113493131400748,1,0
458.8096510219342,18,1,28,1.2619549422335818,2,0
537.4055424091478,15,1,45,0.9963569766583701,2,0
439.3850976694124,11,1,34,0.760903200475934,1,0
304.19622116234495,16,0,15,0.9654147397440344,2,0
619.477244118926,14,2,13,1.2388400994771285,1,0
471.4031096076996,13,1,28,0.5433022253820684,2,0
634.073593271265,13,5,28,1.097208031635107,2,0
71.60161357082052,10,3,48,0.8701215038804728,2,0
459.2846996656418,12,0,26,1.057842351519097,2,0
503.98584251627705,21,4,20,0.9199021629472637,2,0
594.3762636576055,15,4,18,0.9055374003810762,2,0
475.6576329248879,20,3,19,0.9923958175748727,1,0
456.74571781646506,16,2,23,1.2537390569071636,2,0
8231.988125126456,23,4,0,6.652057583413564,5,1
424.094794329634,16,0,31,0.7170924422973068,1,0
583.3912177468764,11,1,30,0.4285166637968084,1,0
401.0035422515832,8,5,15,1.3246488332531206,1,0
675.0746026211567,12,2,23,0.7522913719298028,2,0
294.7888837202016,11,1,16,0.6680576331658294,2,0
653.4262207326146,21,4,22,0.9428661442212349,1,0
511.2039299889891,16,5,17,1.3104998326380641,1,0
442.4187888003826,16,0,34,1.0606841222863657,1,0
493.21185470534954,20,1,11,0.6300696084955435,1,0
470.6322093547128,11,4,26,0.6873185235858255,1,0
422.1999920568185,11,0,46,1.2559604635154664,2,0
725.4983748232627,18,3,47,0.9031153514982555,2,0
390.51956203061116,15,0,31,1.5923190233440088,2,0
266.289089621973,20,5,36,1.8500486835682817,2,0
604.6380455508798,18,3,40,0.7491724989341121,2,0
2331.623295954003,2,6,0,5.459646309808651,9,1
693.434483624817,14,0,20,1.010656729233387,2,0
543.8877322147445,12,2,36,0.7231855940776998,1,0
533.5878649630391,8,4,35,0.840688914814695,2,0
350.65282732202286,19,0,45,1.2314821328821806,1,0
489.8424203970943,13,4,18,1.3575213507464283,1,0
354.11277965514756,18,1,17,1.010855183186981,1,0
243.4507834645584,8,2,39,0.8029134289237492,2,0
623.318300872841,10,4,49,0.6651901710971562,2,0
505.057858235158,9,1,20,1.0805780743132893,1,0
410.4657822902043,20,5,23,0.4976591618640265,2,0
616.6770005766243,8,2,35,1.178351310598037,2,0
2760.447901741483,0,5,0,7.138407858081848,9,1
242.27937644359463,11,2,45,0.6391590416064001,1,0
281.5118040110955,14,4,21,1.559753365685581,1,0
491.09488231528934,9,2,12,1.3927409925889833,1,0
469.3308472540827,15,4,13,0.950935675870712,2,0
358.29376860913885,12,3,24,1.1234673751760929,1,0
550.7100368209475,8,2,40,1.193791648845861,1,0
401.4297556582913,8,3,38,0.7906843288305265,2,0
459.70592421701156,9,2,42,1.4501261313064444,2,0
585.9544004077108,16,3,30,1.1366194512934644,1,0
514.4553860089993,16,1,44,0.6953115235845262,2,0
647.2299312948682,14,3,12,1.0824738132362521,1,0
488.4952703856991,21,0,31,1.0590530560505889,2,0
431.38300966980023,19,0,22,1.033112043979863,2,0
567.6443952164715,13,0,42,1.3020190213681193,1,0
311.3215351818999,16,5,42,0.6772003972645624,1,0
467.0920045505896,18,1,43,1.0059105809899394,1,0
473.5799744673533,20,0,43,0.1301458360394555,1,0
564.3670197693668,14,5,27,1.2388142722257254,2,0
440.223962317623,15,3,13,1.145851372439762,2,0
403.62479249588745,8,3,48,1.2051187336661722,2,0
523.8230862147544,15,3,25,1.2973981577772327,1,0
584.7477737426767,17,1,40,0.9977414875083521,2,0
8236.451921403655,0,4,1,5.642030016411821,6,1
636.0835426811839,15,1,23,1.3814737233968157,1,0
703.6192048524948,15,0,22,1.5375012131570602,2,0
447.5222384332808,10,0,31,0.9392149697187041,1,0
419.8706109171632,12,3,17,0.08066293937253177,2,0
420.7193861573452,8,1,28,1.2526526695446605,2,0
8056.641172136742,23,2,1,3.9898512231792855,4,1
605.4597720111652,10,2,27,0.8416944416749121,2,0
7335.227896041708,0,6,0,5.003814824553815,4,1
505.2331920634113,13,1,41,0.5873467331293771,2,0
511.82777060257615,14,0,40,0.914774004115225,1,0
256.6529466740453,15,0,47,0.6690860202660246,2,0
483.69684251200215,11,5,42,0.8865170366267775,2,0
391.59719500979793,11,2,37,0.5018828599316077,1,0
845.7745788131213,8,2,30,0.9369376894020561,2,0
798.7055627625357,15,1,42,1.1178740531644649,1,0
599.1738530787245,12,2,25,0.9751402792459627,2,0
428.7278199140781,17,0,14,1.3520532575078064,1,0
350.2539837063417,12,0,27,1.1556379052355163,1,0
346.1999164201321,13,0,16,1.1678011973583016,2,0
358.69097246386326,16,5,31,0.8356012543776586,1,0
516.8633682422322,19,0,46,0.8877944747928701,2,0
405.32924868049463,10,2,42,1.0819114324498742,1,0
344.32724693643803,16,0,27,1.4434203176558265,2,0
528.3763607848065,20,0,43,0.7140882525357133,2,0
483.3812786468336,20,4,32,0.9125531736239945,1,0
493.47058002430003,16,1,46,0.8755892839819098,1,0
6409.894499186259,3,2,0,7.5741842075809505,7,1
392.8255863045353,12,2,31,1.0460034302806345,1,0
588.2953189694409,8,3,13,1.2185035639208628,1,0
458.16745437902455,18,5,16,1.6159420551223622,1,0
694.3740607659038,8,5,18,1.1699275083963296,2,0
629.294713412973,9,1,25,0.5969589161411326,1,0
677.5880725777059,20,5,17,0.7924206032984077,1,0
501.2864003003647,17,0,38,1.0992637964270526,1,0
507.39922486922654,10,2,38,1.2167340955662937,2,0
614.2508279442502,8,3,47,1.2477862466860192,2,0
448.80352306852274,11,2,24,1.160363084036857,1,0
374.83568997235284,17,3,42,1.5210828829057907,2,0
416.07406016822074,21,2,32,1.0886501449340502,2,0
647.110584780112,10,5,13,1.1937963816852322,2,0
683.1942418527722,12,4,23,1.0401875141740706,1,0
453.4413512933652,12,2,15,0.5356595331072906,2,0
556.0246042590508,10,1,28,0.7131262651399976,1,0
475.59444476463625,14,2,17,0.7386420909977107,2,0
605.9346462150604,18,2,37,1.0683973491127183,2,0
527.0158201198122,12,1,40,0.7806026179154174,2,0
3808.1186053648526,23,3,1,4.854829579195429,4,1
4690.499842542496,3,2,0,2.880150188414278,7,1
906.2692377079688,21,5,34,1.242361274341659,1,0
680.3522929432844,15,4,16,1.622671108692848,1,0
720.8966107966426,10,0,22,1.0427077728807583,1,0
442.02812931886103,13,0,38,0.37724968077823073,2,0
605.3826346577268,21,2,22,1.4028010328237805,2,0
4031.4832961383395,0,5,1,4.908142342519679,9,1
660.8325777273229,20,4,30,0.9083630164782315,1,0
279.2939227877748,8,3,12,0.7982747467884448,1,0
384.04554355959453,15,4,22,0.7387816685068775,1,0
608.6887668084684,19,2,44,1.134545636258932,2,0
476.2193461375315,15,4,11,0.7245942815083105,1,0
414.4061497578078,9,0,43,1.0610785290805917,1,0
568.7714697087948,10,5,21,1.5218978119810314,1,0
460.98463252602545,11,0,41,0.6097471079131007,2,0
298.53120985331884,13,4,10,0.8813198880262878,1,0
738.7100551644206,8,5,23,1.2630142559158348,1,0
240.62256657448694,10,2,11,1.5858752147468533,2,0
562.5202361724671,10,5,25,1.3501362364009892,2,0
662.4499907775303,19,2,46,0.6770856437793825,2,0
213.0325753482968,15,0,40,1.4423110215988022,2,0
506.08376523077783,16,5,37,0.9210685686924378,2,0
4433.811206172843,3,2,0,2.433421202832335,5,1
843.786690022803,9,3,31,1.5602386012484053,2,0
295.8761328045949,17,2,35,0.4588096301756489,1,0
919.8469295441989,20,5,44,1.164602546213707,2,0
583.934898930094,12,5,36,0.9561586913401676,1,0
5414.945807278652,2,5,0,4.151675993045768,8,1
492.77049088289175,12,3,44,1.0691746922586673,2,0
663.0343418880211,14,4,10,0.7969114987247486,1,0
332.55520473682475,14,3,25,0.6929343137780897,1,0
680.4393843923059,8,0,41,1.262667375830944,1,0
386.60739399621195,18,4,47,1.108132502887832,1,0
565.6021898911711,13,3,26,0.9822756804144805,2,0
3377.067736425415,23,2,1,5.549475957971143,9,1
364.01884024138485,19,5,42,1.352869169172051,1,0
453.3890340085322,20,5,24,0.7573411076607356,2,0
512.6157034674225,13,0,26,0.81983624036205,1,0
2545.594202683414,2,3,0,7.601290484532104,9,1
511.0005117167205,9,3,16,1.290630968704406,2,0
619.5249417213707,11,4,33,0.7676426171807729,2,0
633.2836810432092,10,1,46,1.4821140049380888,1,0
469.8664690589857,10,2,16,0.8959746164259043,1,0
340.36847692398896,16,1,22,0.4702869439149936,1,0
569.5634191596596,10,2,36,1.3670898812689196,2,0
473.52313503777947,20,4,44,0.4138684056660973,1,0
575.8336779822512,16,5,31,1.1308707114403165,1,0
360.6295489235363,16,1,43,0.6597939442195127,1,0
466.7600458422441,16,1,29,0.5677055096425244,1,0
643.8224459701509,20,0,35,1.3383058883549288,2,0
207.89862887887784,11,4,11,1.293537341699965,2,0
438.6310387275134,21,3,22,1.0481544604996758,2,0
603.5945854635139,14,1,15,0.6738278983766004,1,0
640.6648031544726,17,1,32,0.7122928099477528,1,0
642.6938245403877,16,3,43,0.4765156939996501,1,0
266.27023553746994,16,4,34,1.4256787012536205,1,0
562.0740984714978,15,5,19,1.1571999173336052,1,0
435.1934278632839,21,4,40,1.5422770966576922,1,0
774.7332600912541,13,0,28,0.9260614624244529,1,0
577.2201844843885,20,3,10,1.0772438585432411,1,0
2661.0387415939667,0,5,0,3.5580597830602074,7,1
498.0000729445307,8,0,29,0.897188033916021,2,0
421.7519879441523,8,1,11,0.8904311758856523,1,0
316.9232697094997,17,1,24,0.715846885585586,2,0
463.0497078230228,14,2,26,0.30955848469900393,2,0
461.1591805132414,11,2,42,0.9436421796973842,1,0
814.8098531075638,13,1,20,0.5843771824545612,2,0
461.53961667015557,8,3,35,0.5988774676336486,2,0
411.0869706921346,18,3,37,1.4107986706600633,1,0
488.09170403331393,11,1,35,1.1527416379395623,1,0
385.86861857420075,13,2,26,1.112604209062006,2,0
261.4787253979553,14,0,28,0.8006046707493812,2,0
7641.853660723984,23,6,0,5.853551847616013,4,1
4921.750732893294,23,4,1,4.772221614465955,4,1
445.148437620422,16,3,11,1.1512812244115151,2,0
487.66194504928205,13,4,13,1.0919352588890021,1,0
506.7227295650252,17,1,19,1.159982080835078,2,0
767.788529911475,13,2,34,1.131253672689407,1,0
695.3885595179347,15,2,41,1.0412985822604137,2,0
4991.782491580157,1,5,1,8.76097845647112,6,1
610.2027679457393,10,1,34,1.5441568410994497,1,0
5485.984056870803,2,4,0,5.246440481984214,6,1
729.950592609041,17,2,15,1.363821254278729,1,0
617.6219624530247,12,0,28,0.7305918321026625,1,0
434.0450073596287,20,4,19,0.8213730391371873,1,0
459.0733180489804,12,1,35,1.2910525247703577,1,0
686.8562996254492,20,4,41,0.7835708607839146,2,0
773.1348013684029,18,2,42,1.199391648873902,2,0
466.84333284467436,17,5,26,0.7247901012543417,2,0
4904.122415310229,1,5,0,6.3218387743102165,8,1
5576.319367929829,3,3,1,5.990682973664905,6,1
329.6373728212559,17,4,43,0.6896384107455138,1,0
384.3287965164171,17,2,34,0.6330981493191191,2,0
542.0186003629453,20,4,41,0.41359570132037404,2,0
554.6681518681577,21,3,31,0.9340755362916535,2,0
687.061019932084,21,5,24,1.26041957272344,1,0
709.4831734621273,10,2,32,0.6502435695953737,2,0
594.6538510105228,17,3,45,1.2653791320176762,1,0
465.70953565265506,15,4,40,0.9408053976516282,1,0
316.5169654907105,16,3,23,1.427388319623173,1,0
5290.854434811519,0,5,1,3.5925792013371334,5,1
94.49779293389639,16,4,42,1.1018067438268662,2,0
444.70709513214507,9,2,20,1.2421139249820061,1,0
449.10332192927615,20,3,30,0.987598838557249,2,0
7869.210798592116,23,6,0,4.3642651065899996,7,1
555.7604042018071,15,5,11,1.3235292232596132,2,0
572.5668251004167,16,5,31,1.1654002648269233,1,0
534.3226866469191,13,5,28,0.701156108768185,2,0
542.0068014046107,17,2,27,0.19762986155375784,2,0
512.3662649952264,17,3,32,0.8892043689525433,1,0
558.6813990856091,19,2,48,1.1745345311885087,1,0
353.0241841187762,21,4,39,1.1962384006513276,1,0
479.03016214838755,19,4,45,1.0364737001618147,2,0
749.3832621671033,13,4,23,0.9277118251432246,1,0
712.7603819054874,11,2,26,0.8984692645555542,2,0
698.9700173207841,19,4,36,1.5668830013918424,2,0
575.4890339788258,13,3,17,0.989600329078718,1,0
478.6927830933333,18,3,18,0.7311001557660809,2,0
292.7851021204553,13,2,38,1.0662692968244163,2,0
438.53769401966844,13,4,30,1.305291077636102,2,0
453.6983885487826,19,0,23,1.4634954386147099,1,0
194.86267107336153,9,2,39,0.6273252305592631,2,0
424.35529762810654,10,2,27,0.8176528322153127,1,0
573.8359196697282,19,0,39,0.7014745096336472,1,0
567.0878233238376,20,0,16,0.9976056386944887,1,0
637.7047203019979,18,3,47,1.2061201208908359,2,0
668.9521298652467,12,4,35,0.9527735998679767,2,0
284.19198484146955,14,4,27,0.9324212072525939,1,0
500.63925008286316,11,2,44,0.9726424759078868,1,0
449.8656832052097,18,0,12,1.2138279336861229,2,0
264.77835298699245,17,5,45,1.137163919107754,2,0
385.9454538175804,13,2,17,0.881916525390097,1,0
452.83778249498374,18,3,24,0.5213298261333318,2,0
249.68525659084884,19,5,42,1.0895659843172942,2,0
378.6832876643908,15,0,22,0.7173852579355554,1,0
533.2703314125846,17,2,33,1.1146965663284985,1,0
598.175442317111,20,0,23,0.7605429324456399,1,0
6818.19937309518,2,2,1,1.878923423974792,5,1
539.1238400951585,21,1,31,1.1442237482668876,1,0
420.80526737327926,20,5,22,1.1296880032359118,2,0
640.4084251904025,14,4,23,1.233081010879455,2,0
571.5220392536908,15,0,49,0.8530474173980782,1,0
312.452962556103,16,2,24,1.0632445233877572,1,0
570.971817990168,20,0,31,0.7891265685881298,2,0
369.259670276405,9,2,16,0.8236702285086521,2,0
424.95816634925063,10,3,24,0.2225376227874537,1,0
493.94057731003466,14,4,46,0.6238932248611737,2,0
495.326486211782,15,0,36,0.7047946851208775,2,0
8164.961258649122,0,6,0,2.187842613525154,4,1
727.2461335900786,17,3,23,0.4485071995872858,2,0
655.8664651274678,13,5,33,1.159027935726288,1,0
244.2946059269282,11,5,32,1.2945174022628907,2,0
482.61350797251964,8,4,24,1.1121345202096478,2,0
503.02816428143376,17,3,36,1.0473671797343458,1,0
442.78932042928784,16,4,16,1.1139848673018398,1,0
243.40949683452288,16,5,39,0.8820729397895616,2,0
404.3122649066196,9,4,15,0.7370112394331557,1,0
678.1586768180321,16,3,37,0.6171367308978839,2,0
427.8322911694113,11,0,26,0.7369664465585367,1,0
555.6611261485151,16,4,24,0.8539357536491134,1,0
3360.6719676255875,3,6,0,4.121063460019583,8,1
756.7102633676202,16,0,10,1.7419798248288432,1,0
499.90904736915627,17,5,19,0.9688369309084587,2,0
167.3613380961844,18,0,19,0.64954665164494,2,0
280.83025421899526,12,0,11,0.6652469359071098,2,0
467.502245687786,13,3,35,1.2481645368174004,1,0
833.2033372534142,20,0,37,1.0531225125298145,1,0
565.7982218830626,16,3,35,1.1466756534482052,1,0
324.9667393904611,17,5,38,0.2572384607535835,1,0
559.8607532869539,10,2,12,1.0106467841606501,1,0
837.4156376294436,17,2,33,0.7277159400300756,1,0
691.8031561408487,16,0,43,0.3264310625793815,2,0
370.40302263858825,19,1,21,0.962040226075882,1,0
443.654950892399,19,3,23,0.6085549328701152,2,0
374.38914120267634,11,1,25,0.36793326561217576,2,0
473.82732400744624,13,2,17,1.30045912731232,2,0
764.9359790449109,14,1,28,1.15059629721665,2,0
510.2032316568583,14,1,12,0.5424518052882971,1,0
4997.694667423855,2,5,0,2.418130246378858,7,1
624.109015295495,20,4,20,0.9379097519530308,2,0
255.81532301269223,19,2,13,1.318086592266195,2,0
487.8612570077295,9,0,49,0.9638041171780631,1,0
866.1832583707871,10,3,17,1.1311380339193156,2,0
331.82460194268384,16,1,31,0.2997931424197088,2,0
592.3664738207133,19,4,22,1.354645324188177,1,0
560.1410052210417,18,4,43,1.2512265680114034,2,0
646.1393394629678,12,2,28,0.625133229178156,2,0
5883.602255492146,3,2,1,4.467413261206163,8,1
659.0492103548128,21,3,21,1.281735045881054,1,0
297.51115432080906,15,1,20,0.8634403285551523,1,0
555.0971251976716,15,3,17,0.8751917276047396,1,0
492.87538318177053,16,2,17,1.063073866000688,1,0
753.7752256286875,14,5,24,1.4635713138291058,2,0
704.4848845541678,12,2,28,1.1842955020485937,2,0
385.1874369180398,8,5,37,1.187844903188691,1,0
318.62347731760224,13,0,31,0.824425834609572,2,0
419.7445003412605,21,3,40,1.0982964375960078,1,0
580.5198786054534,12,0,46,0.5526445776503912,1,0
5536.063974171961,23,4,1,1.6348262254028652,9,1
588.8800579380867,12,1,14,0.9648281231691924,1,0
638.6295161663757,17,5,35,0.7739449474780099,1,0
619.5207249585599,15,4,44,1.5715069250606255,1,0
538.6059659626025,12,0,41,0.8107460791158434,2,0
280.61063591004313,11,1,29,1.389718665415662,1,0
315.72801542548035,20,2,49,0.9823455752101411,2,0
5494.9610952802095,3,6,0,4.980671157373306,5,1
4499.527668685851,2,5,0,4.364419572175378,4,1
601.6780962261545,11,2,48,1.4938987623086368,1,0
281.0892389932177,15,5,47,1.2808005241835565,2,0
227.50466443263412,20,5,33,0.6037618171555901,1,0
400.66979493134403,15,2,47,1.037798846291053,2,0
600.4214506264605,14,4,49,1.337430367371303,2,0
407.20437295857084,20,1,45,1.356030130067995,2,0
470.64463929455115,17,1,41,0.9302330656666509,1,0
506.27416557552317,20,0,18,0.7847887915388673,2,0
340.09517425584795,14,4,28,0.9845373374177046,1,0
8824.010938105395,2,3,1,7.3281203051718755,9,1
392.3142660636182,10,3,38,1.512762146305889,1,0
7760.396031796064,3,3,0,6.752945911083404,6,1
324.44558786216203,17,4,23,1.0610296524285692,1,0
514.2607155339615,19,1,47,1.2544609514491647,2,0
339.30375084935383,15,3,39,1.3368476481655827,2,0
5635.056855606983,3,5,0,4.407623600765475,4,1
972.8215269847301,1,6,1,5.62674286343756,6,1
495.53457581357446,18,5,39,0.9686149202917118,1,0
630.5673754611961,17,1,11,1.6256231866276445,1,0
565.6735649365359,17,5,40,1.0976637445966215,1,0
693.5691112064525,8,4,28,1.0165597727590268,2,0
416.48318407349507,12,0,25,1.0097916510072613,1,0
546.5709131271127,14,5,15,0.6618208622337558,1,0
295.3841009272462,9,5,47,0.8404366749132014,2,0
555.1830915737773,15,4,17,0.8690060568143707,2,0
7629.021399063464,3,5,0,3.627444751132013,6,1
6955.289689576872,23,4,1,3.829728287352669,8,1
255.54002521307066,20,1,16,1.1668927036109478,2,0
309.26772186615744,17,5,14,0.6540747004780654,2,0
657.507356233014,19,2,18,1.0973974706507554,1,0
504.4991358039764,20,0,30,0.9226511870091904,1,0
572.8573762030995,18,0,13,1.4826141649146685,1,0
269.80538741901194,20,3,42,1.4677145735912085,1,0
653.2074708624807,20,3,18,1.4085121340970086,1,0
463.11406035747433,19,3,40,1.4548407689720673,2,0
575.0481398683808,12,0,44,1.2677027324678454,1,0
707.685453657408,11,3,25,1.3287645260421226,1,0
310.3122328103142,8,4,41,1.0169258359821411,1,0
624.7674910101854,13,0,29,1.134424247244013,1,0
10421.588598081065,0,2,0,4.872509428992068,4,1
586.5035220176186,21,5,44,1.4005858992098164,1,0
653.5649348896671,19,3,29,1.19158606598103,1,0
144.87835199400826,11,5,16,1.1061311892674168,2,0
219.51459756253814,17,1,28,0.7248391959605092,1,0
502.68955288761765,9,5,26,0.8749368348826032,2,0
373.9260521739963,21,4,31,1.2061715351185864,2,0
455.28041311012345,10,5,35,0.5042762829109588,1,0
587.0109341116331,9,1,23,1.0273903513179006,2,0
588.8494320520015,9,5,32,1.0297941444854048,2,0
600.2510088078936,12,3,25,0.4944268881675429,2,0
563.6740529647208,13,4,18,0.8737115148794617,1,0
546.4590168704003,12,2,31,1.1427255975494597,1,0
704.9584117781658,19,0,22,0.7786789885945478,1,0
618.4786738465873,10,0,14,1.1977033529090388,1,0
540.8355087991082,10,4,33,0.9828188767533693,2,0
646.3007271656553,12,0,32,1.079377187374425,2,0
677.9691555995487,19,2,48,0.432572832445028,2,0
421.2778236657284,15,0,10,0.6708790483616047,2,0
609.4659405551294,14,1,38,0.7206994865102676,2,0
190.20458374390847,8,2,33,1.6364893921990609,2,0
754.8427615837988,14,3,11,0.6533395858351376,1,0
813.1618978812717,20,0,47,0.8721019555395219,1,0
594.2254788603434,17,3,26,1.4859745861979667,1,0
787.9340128954466,21,3,19,1.1066662556007933,2,0
700.1469649279732,14,1,38,1.1173253193734716,1,0
293.36354299029995,17,1,14,1.510040473119981,2,0
760.9497877955675,10,5,46,1.025585220619972,1,0
5936.601591651321,1,5,1,6.099983949687308,5,1
573.0551952743166,19,2,14,1.3301937811407107,1,0
344.1333247448391,16,5,27,1.506264416571038,2,0
405.77759003665363,19,2,38,1.38591464109866,2,0
461.4421386780403,8,4,45,1.0832657540480595,1,0
4078.5027568614837,2,2,0,4.879227815409237,7,1
3758.532506794887,2,6,1,3.610437050529669,6,1
212.39766709845514,13,1,26,0.5586620783879446,2,0
658.5087366920627,10,4,14,1.2900421312751633,1,0
607.8752999533156,14,3,23,1.545931536193779,2,0
613.1713549656049,12,5,12,0.9876268880082839,2,0
4615.908398753822,23,3,0,6.3154340519479,4,1
477.92907427788396,18,5,33,0.8030127787600886,1,0
630.9399301363187,15,3,28,1.72785784440492,1,0
635.74430622413,19,2,34,0.9322579752771875,2,0
535.201460554104,14,2,33,0.8902203367669382,1,0
556.5327054948399,19,2,30,0.6874559895986205,2,0
687.4565630276478,10,5,37,0.683050878812422,1,0
454.04634353324343,20,5,46,0.5353479776443721,1,0
689.2784804781304,19,3,32,1.0391357244915227,1,0
456.33021668839547,21,2,35,1.1159659675707143,2,0
366.82856713497864,20,2,12,0.7420962589028215,2,0
672.4572993839945,10,2,14,1.147950950271651,1,0
432.4619918332593,17,4,16,0.7731987941630185,1,0
299.7522638336801,11,5,25,1.2608372889114465,1,0
696.3167658146504,21,0,19,1.0161492366141014,1,0
605.3414641327367,19,1,45,1.4411296909037614,2,0
941.4572502902931,9,0,30,1.2173473181145182,2,0
536.2703107333623,19,3,42,1.0904221209343352,2,0
398.8539194974586,18,4,41,1.2440723826540419,2,0
627.7386568839796,8,2,13,0.7270958682062574,2,0
696.2278174955396,8,0,33,0.7188992459912852,1,0
724.2686615294715,15,2,36,0.9890408950953569,2,0
545.9201829654133,9,4,27,0.9306821389477304,1,0
386.04904733711703,21,5,49,1.1990939041098525,1,0
655.7018790973943,18,2,38,1.2292639610016565,2,0
307.1203974080428,19,4,15,0.8483530733666467,2,0
344.0288998285212,15,4,34,1.3901097505908964,1,0
5748.882448903663,2,4,1,6.802413560984616,4,1
657.0602474545026,16,3,31,0.6873555100573291,2,0
380.71778434630244,14,2,34,1.180063809744409,2,0
476.4271630836686,19,2,11,1.0219294231634952,2,0
594.2916348626895,19,1,49,0.583163947077163,1,0
494.23934964963695,19,2,36,1.4594448692564883,2,0
619.6201539811736,14,3,16,1.4488349101199862,2,0
582.3424064917039,9,4,46,1.3125381685945599,1,0
617.3041081361191,13,0,36,0.7265148093538292,2,0
365.50002584999277,10,1,12,0.09064185025297333,1,0
457.26428500677036,11,4,32,0.8298214856027255,2,0
538.1308841636359,11,0,16,0.8438054752995192,1,0
541.7738935156456,9,5,47,1.2343299528794531,2,0
621.0891584503463,14,1,41,1.0099649689039443,1,0
397.8834382374051,12,1,48,1.0272196403206657,1,0
340.4968250254522,8,4,31,1.3064874293199844,1,0
370.08184246487576,13,5,15,1.1521938549675061,2,0
446.91443674804356,21,3,22,1.0528314928092724,1,0
688.9371866678341,9,4,23,1.6112636874486854,2,0
540.8400648203859,13,5,25,1.0616827936428896,1,0
409.13202106921756,17,0,40,0.9383496760761931,1,0
533.2317835851591,11,0,13,0.8257599719532241,2,0
250.43952995869822,21,2,13,0.9123979971385847,1,0
163.1621153652256,13,4,17,1.0586209663849961,2,0
466.1759864998046,13,2,25,1.0886535074771015,1,0
416.1806271672564,10,3,19,0.9063784203841802,1,0
503.3769461596591,15,4,15,0.3167312179452747,2,0
422.5825037192848,14,5,11,1.6373668689487042,1,0
758.8540689222157,21,3,26,1.0365533392397361,1,0
401.52985455111735,18,4,27,1.0393165599182208,1,0
422.2097522457458,11,1,38,1.1784026775504992,2,0
365.53449870776024,11,1,22,0.7868805928992426,2,0
368.1639428392489,20,3,37,0.5843255460933782,2,0
652.3905835345334,8,2,20,0.8789860762093953,1,0
648.2106669287208,10,4,28,1.4935341977531214,2,0
307.1743215458147,19,5,27,0.6092267563139389,2,0
495.0514545759125,15,2,10,0.8447911032573302,1,0
2464.2021630206314,1,6,0,2.837398350321804,4,1
501.7794018771176,12,1,30,0.7057635974759322,2,0
551.3159059475627,21,2,35,1.5751777445278368,1,0
677.4078991821017,8,2,24,0.9371644155044009,2,0
597.0693635213518,13,5,27,0.6958444309162144,1,0
391.264395226281,13,2,30,0.7313362345848081,1,0
446.2394636730667,13,4,19,0.6325000334019848,2,0
556.775322337628,8,5,32,0.8231828215448671,2,0
506.5214451552348,15,4,43,1.2670526628161423,1,0
678.3839691883678,9,3,48,1.2001735442287726,2,0
484.5688030810882,12,3,36,1.3415510918781088,1,0
569.2734463754615,21,5,35,1.2351540820934153,1,0
478.82193116618,21,2,22,1.232049686363247,1,0
264.0516114390708,21,5,26,0.684235842438967,1,0
571.2585721533803,9,2,32,1.2598644274471813,2,0
493.3991682587261,9,2,33,0.897846386586647,2,0
195.4036143910845,19,5,11,1.0035777942314428,1,0
678.3939617433147,20,4,46,0.9103690832304825,1,0
6234.56238521693,1,6,1,5.030695575638062,5,1
618.1844036238344,14,1,12,0.9255714904382011,2,0
400.61838495881864,11,2,12,0.5421031685708476,1,0
359.0304333210303,17,4,36,1.0740033689598272,1,0
644.799000074169,10,5,28,1.2113008629562236,1,0
358.26736511242234,11,1,39,1.559535930056542,1,0
189.74364268534515,14,4,26,1.026818583679484,2,0
641.7967656853798,20,2,35,0.8342291961643442,2,0
350.41575688418357,10,0,35,0.6822888633963707,2,0
490.4915221947784,20,1,23,1.1448370372180954,1,0
521.4993634004989,11,3,10,0.968512910467233,2,0
410.21191938470514,11,3,20,0.8246544656926587,1,0
345.5455640550409,21,3,19,0.8547948629133746,2,0
300.37861072070007,16,0,47,1.0702732126117813,2,0
483.65072589329276,12,5,30,0.5361723039088983,1,0
3457.7300655327444,2,5,1,3.934732294445304,8,1
769.6600760866037,12,5,14,0.9050993365779806,2,0
598.4670780365702,17,5,25,0.4124977252639178,2,0
243.99956339378775,19,5,46,0.9062446362595409,2,0
746.8093351842884,18,4,18,0.8443775105812457,1,0
707.645845108166,13,3,21,0.8379698922970398,2,0
691.4905757120048,17,5,23,1.0204041729928124,1,0
6180.68579402846,3,6,1,5.390147357331456,7,1
673.5064779089652,10,3,47,0.8032771135706587,2,0
464.09710665955174,8,0,18,0.9568674366492878,1,0
586.5789975781591,13,4,29,0.6312946190340443,1,0
582.4144261153646,18,1,28,0.8019915553267771,1,0
830.2086068431902,14,3,45,0.38134656857555593,1,0
406.76068616728617,9,3,45,0.9715342731420775,1,0
501.6399519864784,8,0,18,0.5555659061041627,2,0
448.30080710569723,20,0,39,1.0037095285409598,2,0
613.0540849331016,16,4,44,1.0388480958688284,2,0
613.020494265332,15,3,23,0.7846789887857185,1,0
712.8553417050896,14,1,22,1.088005610896895,2,0
471.52325837504515,18,1,46,1.0196421003301896,1,0
232.16790516772284,20,1,30,1.0040720978152615,2,0
529.8540265719904,20,3,27,0.9970313512820067,2,0
8078.034750510832,1,5,0,5.415760753555381,8,1
623.1384318664564,10,1,21,0.7265470093969384,2,0
7212.373676247762,2,2,1,4.407501602471521,7,1
529.0109550784575,12,3,16,1.0179075641739208,2,0
491.32450814336096,21,1,17,1.3383364081334936,1,0
361.2373069282047,12,0,42,0.864939432500247,2,0
298.9267037950345,20,4,49,0.9040521166333731,1,0
521.6465029152619,10,5,41,0.4498882697111697,2,0
380.6044439224253,16,3,20,1.0575668635064943,1,0
576.6019879038579,15,1,47,1.481554975399945,1,0
370.54189304825263,11,4,21,1.4262956061490142,2,0
6563.642421930912,23,3,0,6.3201909210607585,4,1
570.6185665950455,20,3,18,0.8909141328601086,1,0
126.63082927965144,17,0,41,0.7776089893188243,2,0
670.3259789154788,15,0,25,1.557019481256444,2,0
472.67862564943687,17,1,23,1.4881222805427998,2,0
477.74908883136237,9,4,30,1.1499961122795528,1,0
738.9446144041071,17,2,44,1.4395631510444142,2,0
402.40150679957077,21,0,25,0.9020057310434165,1,0
579.2343221806445,19,4,41,1.2898947660081508,2,0
4698.09409650679,3,3,1,3.3004577668187025,5,1
588.4254574815872,17,2,35,0.148347900765042,2,0
459.8485284441819,18,1,19,1.41754176748573,1,0
587.3261358485878,10,4,27,1.1805731818481213,1,0
579.3775369425389,15,5,37,1.1198743224236796,2,0
594.5231879702376,9,4,14,1.4504457446721988,2,0
301.98842183940474,10,1,31,0.9283742193809696,1,0
359.5427722118137,15,3,48,1.0867484943219856,2,0
588.8664071336145,13,2,41,0.9760399206146423,1,0
468.862348228544,21,0,38,1.3963948608410213,2,0
298.9812656517821,14,3,46,0.8542963766274859,2,0
421.3477075627469,21,0,47,1.7218367074009813,1,0
3966.506475878765,0,4,1,4.69534319109128,7,1
4476.426470155464,1,4,0,10.072462619055187,6,1
721.3504157914326,12,4,39,0.3885110410713174,2,0
396.63323034173146,16,4,32,1.1403070311576657,2,0
696.5908869220195,16,4,36,1.3513305915008678,2,0
592.7143760643212,17,3,28,1.0494325012544068,1,0
658.7883253723994,20,5,26,0.7779177126973739,2,0
415.0155474536605,21,4,44,1.6816544357994305,1,0
473.8028081477558,12,4,29,1.408050439248404,2,0
442.006032764292,21,5,43,0.7351096638220898,1,0
2747.1446222344885,3,6,1,3.292645183424126,6,1
5823.1314383285635,3,6,1,3.1171936619959504,5,1
462.14764425691305,10,3,43,0.80806333270314,1,0
264.6436983035686,9,1,25,1.1530630444739234,1,0
695.463240954192,21,5,23,0.7286865459541818,2,0
405.4312318721784,10,5,26,1.4911247223978226,2,0
416.12542474111876,19,3,18,0.8619079712276911,1,0
439.28069308695603,17,0,45,1.3398414091524422,1,0
851.7004842955146,15,4,32,1.2122569040998312,1,0
486.5759888969198,11,0,44,0.5569198198190097,1,0
407.9331036318538,20,2,39,1.6544231935813296,1,0
509.7369180639405,9,0,27,0.9258925957268751,2,0
380.21907281618587,15,3,36,1.0664702582824717,2,0
568.8770251002295,15,2,22,0.9116267078500013,2,0
681.3845970835907,13,0,37,0.9927140512989923,2,0
393.8840682781718,11,3,13,1.662956699724539,1,0
549.0491769905146,15,1,22,0.7494626488083295,2,0
404.9218042584166,19,1,36,0.9424215788772697,2,0
453.07452904227165,9,4,47,1.309275801510072,2,0
283.78967189368655,10,0,18,0.8675923625455445,1,0
702.7719986180042,9,3,28,0.941695398535696,2,0
421.34052041973746,8,3,24,1.0063448186726998,1,0
7097.020480071693,0,3,1,4.694025260933267,6,1
479.2426132083799,21,2,24,0.535954100403198,2,0
453.14427287280233,13,1,48,1.579300884409235,2,0
267.04470832402694,15,3,44,0.5789324111309012,1,0
306.6392159555842,12,0,45,0.9044997833751172,2,0
460.9370700271192,18,3,30,1.1111795241940634,1,0
405.61689907289565,10,2,44,0.7879879694880982,2,0
337.93890060822474,12,3,17,0.6467750484252135,1,0
698.813527354064,20,4,32,1.251725452728246,1,0
383.1421393539964,9,5,22,0.8965554607998114,2,0
582.3241792101583,12,3,42,1.3817489631723339,1,0
5541.195432231308,2,6,1,3.763777136652852,8,1
8620.605220008325,2,3,0,5.798538815228351,4,1
513.618635445066,12,2,44,0.48461280588405786,2,0
355.4802904542965,16,2,16,0.4537007641854325,2,0
507.1211756564492,18,3,28,0.46607710775162714,2,0
335.714145663212,17,4,36,1.0088147057992005,1,0
